old_path,disposition,target_topic_id,target_path,wave,rationale
docs/about.md,MERGE-INTO,wiki-governance,docs/architecture/00-wiki-governance.md,2,Old site-guide content folds into the existing wiki-governance canonical (docs/architecture/00-wiki-governance.md).
docs/agentic-systems/config/enterprise-agentic-ai-config-management-2026.md,MIGRATE,enterprise-agentic-ai-config-management-2026,docs/agentic-systems/core/02-enterprise-agentic-ai-config-management-2026.md,3,Section default (agentic-systems -> agentic-systems).
docs/agentic-systems/config/index.md,MERGE-INTO,hub-agentic-systems,docs/agentic-systems/index.md,3,Nested section/subfolder index; one hub per domain rule — folds into hub-agentic-systems.
docs/agentic-systems/harness/Harness_BestPractices_AntiPatterns_Roadmap.md,MIGRATE,harness-bestpractices-antipatterns-roadmap,docs/agentic-systems/core/03-harness-bestpractices-antipatterns-roadmap.md,3,Section default (agentic-systems -> agentic-systems).
docs/agentic-systems/harness/Harness_Engineering_AI_Agents_and_Vendor_Landscape.md,MIGRATE,harness-engineering-ai-agents-and-vendor-landscape,docs/agentic-systems/core/04-harness-engineering-ai-agents-and-vendor-landscape.md,3,Section default (agentic-systems -> agentic-systems).
docs/agentic-systems/harness/Harness_Engineering_Research_Report.md,MIGRATE,harness-engineering-research-report,docs/agentic-systems/core/05-harness-engineering-research-report.md,3,Section default (agentic-systems -> agentic-systems).
docs/agentic-systems/harness/Harness_Interview_Question_Bank.md,TRACK,interview-harness-question-bank,docs/career/30-interview-harness-question-bank.md,8,Interview-prep content -> career track per doctrine (reviewer-audit fix).
docs/agentic-systems/harness/Harness_Security_SupplyChain_Observability.md,MIGRATE,harness-security-supplychain-observability,docs/agentic-systems/core/06-harness-security-supplychain-observability.md,3,Section default (agentic-systems -> agentic-systems).
docs/agentic-systems/harness/index.md,MERGE-INTO,hub-agentic-systems,docs/agentic-systems/index.md,3,Nested section/subfolder index; one hub per domain rule — folds into hub-agentic-systems.
docs/agentic-systems/index.md,MERGE-INTO,hub-agentic-systems,docs/agentic-systems/index.md,3,Nested section/subfolder index; one hub per domain rule — folds into hub-agentic-systems.
docs/agentic-systems/memory/AI_Memory_Agent_Innovations_Research_Report.md,MIGRATE,ai-memory-agent-innovations-research-report,docs/agentic-systems/core/07-ai-memory-agent-innovations-research-report.md,3,Section default (agentic-systems -> agentic-systems).
docs/agentic-systems/memory/index.md,MERGE-INTO,hub-agentic-systems,docs/agentic-systems/index.md,3,Nested section/subfolder index; one hub per domain rule — folds into hub-agentic-systems.
docs/agentic-systems/platform/Enterprise_PromptOps_AWS_AgentCore_2026.md,MIGRATE,enterprise-promptops-aws-agentcore-2026,docs/agentic-systems/core/08-enterprise-promptops-aws-agentcore-2026.md,3,Section default (agentic-systems -> agentic-systems).
docs/agentic-systems/platform/MultiTenantAgentPlatform_Architecture.md,MIGRATE,multitenantagentplatform-architecture,docs/agentic-systems/core/09-multitenantagentplatform-architecture.md,3,Section default (agentic-systems -> agentic-systems).
docs/agentic-systems/platform/agentic_platform_bestpractices.md,MIGRATE,agentic-platform-bestpractices,docs/agentic-systems/core/10-agentic-platform-bestpractices.md,3,Section default (agentic-systems -> agentic-systems).
docs/agentic-systems/platform/ai-msf-requirements-runbook.md,MIGRATE,ai-msf-requirements-runbook,docs/agentic-systems/core/11-ai-msf-requirements-runbook.md,3,Section default (agentic-systems -> agentic-systems).
docs/agentic-systems/platform/ai-platform-factory-runbook-v2.md,MIGRATE,ai-platform-factory-runbook,docs/agentic-systems/core/12-ai-platform-factory-runbook.md,3,Section default (agentic-systems -> agentic-systems).
docs/agentic-systems/platform/enterprise-agentic-ai-asset-management-2026.md,MIGRATE,enterprise-agentic-ai-asset-management-2026,docs/agentic-systems/core/13-enterprise-agentic-ai-asset-management-2026.md,3,Section default (agentic-systems -> agentic-systems).
docs/agentic-systems/platform/genaiaf-prompt-lifecycle-hotswap-research-2026.md,MIGRATE,genaiaf-prompt-lifecycle-hotswap-research-2026,docs/agentic-systems/core/14-genaiaf-prompt-lifecycle-hotswap-research-2026.md,3,Section default (agentic-systems -> agentic-systems).
docs/agentic-systems/platform/index.md,MERGE-INTO,hub-agentic-systems,docs/agentic-systems/index.md,3,Nested section/subfolder index; one hub per domain rule — folds into hub-agentic-systems.
docs/agentic-systems/skill/00-executive-summary-and-reference-architecture.md,MIGRATE,executive-summary-and-reference-architecture,docs/agentic-systems/core/15-executive-summary-and-reference-architecture.md,3,Section default (agentic-systems -> agentic-systems).
docs/agentic-systems/skill/Agent_Skills_Complete_Playbook_2026.md,MIGRATE,agent-skills-complete-playbook-2026,docs/agentic-systems/core/16-agent-skills-complete-playbook-2026.md,3,Section default (agentic-systems -> agentic-systems).
docs/agentic-systems/skill/a2a_deep_research.md,MIGRATE,a2a-deep-research,docs/agentic-systems/core/17-a2a-deep-research.md,3,Section default (agentic-systems -> agentic-systems).
docs/agentic-systems/skill/coding/01-foundations-what-is-a-coding-skill.md,MIGRATE,foundations-what-is-a-coding-skill,docs/agentic-systems/core/18-foundations-what-is-a-coding-skill.md,3,Section default (agentic-systems -> agentic-systems).
docs/agentic-systems/skill/coding/02-skill-anatomy-and-metadata-schema.md,MERGE-INTO,agent-skill-anatomy-metadata-schema,docs/agentic-systems/core/01-agent-skill-anatomy-metadata-schema.md,3,Identical title/part-number to skill/enterprise/02 (title-normalization scan hit) — folds into the enterprise-scope survivor.
docs/agentic-systems/skill/coding/03-discovery-and-execution-lifecycle.md,MIGRATE,discovery-and-execution-lifecycle,docs/agentic-systems/core/19-discovery-and-execution-lifecycle.md,3,Section default (agentic-systems -> agentic-systems).
docs/agentic-systems/skill/coding/04-skills-tools-mcp-relationship.md,MIGRATE,skills-tools-mcp-relationship,docs/agentic-systems/core/20-skills-tools-mcp-relationship.md,3,Section default (agentic-systems -> agentic-systems).
docs/agentic-systems/skill/coding/05-tool-definitions-and-instructions-engineering.md,MIGRATE,tool-definitions-and-instructions-engineering,docs/agentic-systems/core/21-tool-definitions-and-instructions-engineering.md,3,Section default (agentic-systems -> agentic-systems).
docs/agentic-systems/skill/coding/06-repository-context-engineering.md,MIGRATE,repository-context-engineering,docs/agentic-systems/core/22-repository-context-engineering.md,3,Section default (agentic-systems -> agentic-systems).
docs/agentic-systems/skill/coding/07-vscode-devcontainers-integration.md,MIGRATE,vscode-devcontainers-integration,docs/agentic-systems/core/23-vscode-devcontainers-integration.md,3,Section default (agentic-systems -> agentic-systems).
docs/agentic-systems/skill/coding/08-mcp-integration-and-memory.md,MIGRATE,mcp-integration-and-memory,docs/agentic-systems/core/24-mcp-integration-and-memory.md,3,Section default (agentic-systems -> agentic-systems).
docs/agentic-systems/skill/coding/09-multi-agent-and-observability.md,MIGRATE,multi-agent-and-observability,docs/agentic-systems/core/25-multi-agent-and-observability.md,3,Section default (agentic-systems -> agentic-systems).
docs/agentic-systems/skill/coding/10-governance-and-security.md,MIGRATE,governance-and-security,docs/agentic-systems/core/26-governance-and-security.md,3,Section default (agentic-systems -> agentic-systems).
docs/agentic-systems/skill/coding/11-evaluation-reusability-deduplication.md,MIGRATE,evaluation-reusability-deduplication,docs/agentic-systems/core/27-evaluation-reusability-deduplication.md,3,Section default (agentic-systems -> agentic-systems).
docs/agentic-systems/skill/coding/12-enterprise-workflows-comparative-analysis-and-patterns.md,MIGRATE,enterprise-workflows-comparative-analysis-and-patterns,docs/agentic-systems/core/28-enterprise-workflows-comparative-analysis-and-patterns.md,3,Section default (agentic-systems -> agentic-systems).
docs/agentic-systems/skill/coding/index.md,MERGE-INTO,hub-agentic-systems,docs/agentic-systems/index.md,3,Nested section/subfolder index; one hub per domain rule — folds into hub-agentic-systems.
docs/agentic-systems/skill/enterprise/01-foundations-what-is-an-agent-skill.md,MIGRATE,foundations-what-is-an-agent-skill,docs/agentic-systems/core/29-foundations-what-is-an-agent-skill.md,3,Section default (agentic-systems -> agentic-systems).
docs/agentic-systems/skill/enterprise/02-skill-anatomy-and-metadata-schema.md,MIGRATE,agent-skill-anatomy-metadata-schema,docs/agentic-systems/core/01-agent-skill-anatomy-metadata-schema.md,3,Survivor: identical title/part-number to the coding-skills variant; enterprise scope is the broader canonical.
docs/agentic-systems/skill/enterprise/03-execution-lifecycle-and-tracing.md,MIGRATE,execution-lifecycle-and-tracing,docs/agentic-systems/core/30-execution-lifecycle-and-tracing.md,3,Section default (agentic-systems -> agentic-systems).
docs/agentic-systems/skill/enterprise/04-skills-tools-mcp-a2a-relationship.md,MIGRATE,skills-tools-mcp-a2a-relationship,docs/agentic-systems/core/31-skills-tools-mcp-a2a-relationship.md,3,Section default (agentic-systems -> agentic-systems).
docs/agentic-systems/skill/enterprise/05-tool-definition-best-practices.md,MIGRATE,tool-definition-best-practices,docs/agentic-systems/core/32-tool-definition-best-practices.md,3,Section default (agentic-systems -> agentic-systems).
docs/agentic-systems/skill/enterprise/06-registry-discovery-and-deduplication.md,MIGRATE,registry-discovery-and-deduplication,docs/agentic-systems/core/33-registry-discovery-and-deduplication.md,3,Section default (agentic-systems -> agentic-systems).
docs/agentic-systems/skill/enterprise/07-composition-and-instructions-engineering.md,MIGRATE,composition-and-instructions-engineering,docs/agentic-systems/core/34-composition-and-instructions-engineering.md,3,Section default (agentic-systems -> agentic-systems).
docs/agentic-systems/skill/enterprise/08-observability-and-evaluation.md,MIGRATE,observability-and-evaluation,docs/agentic-systems/core/35-observability-and-evaluation.md,3,Section default (agentic-systems -> agentic-systems).
docs/agentic-systems/skill/enterprise/09-security-architecture.md,MIGRATE,agent-skills-security-architecture,docs/agentic-systems/core/36-agent-skills-security-architecture.md,3,Disambiguated generic 'security-architecture' slug (agent-skills series).
docs/agentic-systems/skill/enterprise/10-governance-and-lifecycle.md,MIGRATE,governance-and-lifecycle,docs/agentic-systems/core/37-governance-and-lifecycle.md,3,Section default (agentic-systems -> agentic-systems).
docs/agentic-systems/skill/enterprise/11-architecture-patterns-antipatterns-and-case-studies.md,MIGRATE,architecture-patterns-antipatterns-and-case-studies,docs/agentic-systems/core/38-architecture-patterns-antipatterns-and-case-studies.md,3,Section default (agentic-systems -> agentic-systems).
docs/agentic-systems/skill/enterprise/index.md,MERGE-INTO,hub-agentic-systems,docs/agentic-systems/index.md,3,Nested section/subfolder index; one hub per domain rule — folds into hub-agentic-systems.
docs/agentic-systems/skill/index.md,MERGE-INTO,hub-agentic-systems,docs/agentic-systems/index.md,3,Nested section/subfolder index; one hub per domain rule — folds into hub-agentic-systems.
docs/agentic-ui/agent-ux-patterns.md,MIGRATE,agent-ux-patterns,docs/agentic-systems/agentic-ui/01-agent-ux-patterns.md,3,Section default (agentic-ui -> agentic-systems).
docs/agentic-ui/agui-standards-landscape.md,MIGRATE,agui-standards-landscape,docs/agentic-systems/agentic-ui/02-agui-standards-landscape.md,3,Section default (agentic-ui -> agentic-systems).
docs/agentic-ui/anti-patterns.md,MIGRATE,anti-patterns,docs/agentic-systems/agentic-ui/03-anti-patterns.md,3,Section default (agentic-ui -> agentic-systems).
docs/agentic-ui/application-lifecycle.md,MIGRATE,application-lifecycle,docs/agentic-systems/agentic-ui/04-application-lifecycle.md,3,Section default (agentic-ui -> agentic-systems).
docs/agentic-ui/context-engineering.md,MIGRATE,context-engineering,docs/agentic-systems/agentic-ui/05-context-engineering.md,3,Section default (agentic-ui -> agentic-systems).
docs/agentic-ui/decision-frameworks.md,MIGRATE,decision-frameworks,docs/agentic-systems/agentic-ui/06-decision-frameworks.md,3,Section default (agentic-ui -> agentic-systems).
docs/agentic-ui/devsecops.md,MIGRATE,devsecops,docs/agentic-systems/agentic-ui/07-devsecops.md,3,Section default (agentic-ui -> agentic-systems).
docs/agentic-ui/enterprise-reference-architecture.md,MIGRATE,enterprise-reference-architecture,docs/agentic-systems/agentic-ui/08-enterprise-reference-architecture.md,3,Section default (agentic-ui -> agentic-systems).
docs/agentic-ui/evaluation-framework.md,MERGE-INTO,agent-evaluation-framework,docs/operations/01-agent-evaluation-framework.md,8,known-dup:eval-framework — folds into the cluster survivor; title/filename-matched duplicate content.
docs/agentic-ui/evolution-human-ai-interfaces.md,MIGRATE,evolution-human-ai-interfaces,docs/agentic-systems/agentic-ui/09-evolution-human-ai-interfaces.md,3,Section default (agentic-ui -> agentic-systems).
docs/agentic-ui/future-outlook.md,MIGRATE,future-outlook,docs/agentic-systems/agentic-ui/10-future-outlook.md,3,Section default (agentic-ui -> agentic-systems).
docs/agentic-ui/governance.md,MIGRATE,governance,docs/agentic-systems/agentic-ui/11-governance.md,3,Section default (agentic-ui -> agentic-systems).
docs/agentic-ui/identity-auth-architecture.md,MIGRATE,identity-auth-architecture,docs/agentic-systems/agentic-ui/12-identity-auth-architecture.md,3,Section default (agentic-ui -> agentic-systems).
docs/agentic-ui/index.md,MERGE-INTO,hub-agentic-systems,docs/agentic-systems/index.md,3,Nested section/subfolder index; one hub per domain rule — folds into hub-agentic-systems.
docs/agentic-ui/industry-reference-architectures.md,MIGRATE,industry-reference-architectures,docs/agentic-systems/agentic-ui/13-industry-reference-architectures.md,3,Section default (agentic-ui -> agentic-systems).
docs/agentic-ui/observability.md,MIGRATE,observability,docs/agentic-systems/agentic-ui/14-observability.md,3,Section default (agentic-ui -> agentic-systems).
docs/agentic-ui/performance-engineering.md,MIGRATE,performance-engineering,docs/agentic-systems/agentic-ui/15-performance-engineering.md,3,Section default (agentic-ui -> agentic-systems).
docs/agentic-ui/reliability-engineering.md,MIGRATE,reliability-engineering,docs/agentic-systems/agentic-ui/16-reliability-engineering.md,3,Section default (agentic-ui -> agentic-systems).
docs/agentic-ui/responsible-ai.md,MIGRATE,responsible-ai,docs/agentic-systems/agentic-ui/17-responsible-ai.md,3,Section default (agentic-ui -> agentic-systems).
docs/agentic-ui/scalability-engineering.md,MIGRATE,scalability-engineering,docs/agentic-systems/agentic-ui/18-scalability-engineering.md,3,Section default (agentic-ui -> agentic-systems).
docs/agentic-ui/security-architecture.md,MIGRATE,agentic-ui-security-architecture,docs/agentic-systems/agentic-ui/19-agentic-ui-security-architecture.md,3,Disambiguated generic 'security-architecture' slug (agentic-ui series).
docs/ai-development/aidlc/AIDLC_Agile_CICD_AI_Transformation_2026.md,SPLIT,aidlc-agile-cicd-ai-transformation-2026,docs/architecture/13-aidlc-agile-cicd-ai-transformation-2026.md,2,"Section default (ai-development -> architecture). [SPLIT part 1/3: over 2000-word limit, re-split post-migration]"
docs/ai-development/aidlc/AIDLC_Artifact_Reference_Library.md,DROP,,,,"Monolith superseded by its own Part1-4 split (386 words vs 2-4k each) — monolith+parts doctrine: keep parts, drop monolith."
docs/ai-development/aidlc/AIDLC_Artifact_Reference_Library_Part1_Discovery_to_Model_Design.md,SPLIT,aidlc-artifacts-discovery-to-model,docs/architecture/01-aidlc-artifacts-discovery-to-model.md,2,"AIDLC artifact library, part 1 of 4 (kept per monolith+parts doctrine). [SPLIT part 1/3: over 2000-word limit, re-split post-migration]"
docs/ai-development/aidlc/AIDLC_Artifact_Reference_Library_Part2_Development_to_Retirement.md,SPLIT,aidlc-artifacts-development-to-retirement,docs/architecture/02-aidlc-artifacts-development-to-retirement.md,2,"AIDLC artifact library, part 2 of 4. [SPLIT part 1/3: over 2000-word limit, re-split post-migration]"
docs/ai-development/aidlc/AIDLC_Artifact_Reference_Library_Part3_TOGAF_Foundation_to_Technology.md,SPLIT,aidlc-artifacts-togaf-foundation-to-technology,docs/architecture/03-aidlc-artifacts-togaf-foundation-to-technology.md,2,"AIDLC artifact library, part 3 of 4. [SPLIT part 1/4: over 2000-word limit, re-split post-migration]"
docs/ai-development/aidlc/AIDLC_Artifact_Reference_Library_Part4_TOGAF_Migration_to_EA_CrossCutting.md,SPLIT,aidlc-artifacts-togaf-migration-to-ea,docs/architecture/04-aidlc-artifacts-togaf-migration-to-ea.md,2,"AIDLC artifact library, part 4 of 4. [SPLIT part 1/3: over 2000-word limit, re-split post-migration]"
docs/ai-development/aidlc/AIDLC_Enterprise_Framework_2025.md,MIGRATE,aidlc-enterprise-framework-2025,docs/architecture/14-aidlc-enterprise-framework-2025.md,2,Section default (ai-development -> architecture).
docs/ai-development/aidlc/Agile_in_the_Age_of_Agentic_AI_2026.md,MIGRATE,agile-in-the-age-of-agentic-ai-2026,docs/architecture/15-agile-in-the-age-of-agentic-ai-2026.md,2,Section default (ai-development -> architecture).
docs/ai-development/aidlc/EA_AIDLC_Deep_Research_2026.md,MIGRATE,ea-aidlc-deep-research-2026,docs/architecture/16-ea-aidlc-deep-research-2026.md,2,Section default (ai-development -> architecture).
docs/ai-development/aidlc/index.md,MERGE-INTO,hub-architecture,docs/architecture/index.md,2,Nested section/subfolder index; one hub per domain rule — folds into hub-architecture.
docs/ai-development/index.md,MERGE-INTO,hub-architecture,docs/architecture/index.md,2,Nested section/subfolder index; one hub per domain rule — folds into hub-architecture.
docs/ai-development/testing/AI_Agent_Evaluation_Framework_Complete.md,MIGRATE,agent-evaluation-framework,docs/operations/01-agent-evaluation-framework.md,8,"Survivor of known-dup:eval-framework cluster (most recent last_reviewed, most complete). Lands in operations (evaluation hub + benchmark catalog scope)."
docs/ai-development/testing/AI_Agent_Evaluation_Framework_Guide.md,MERGE-INTO,agent-evaluation-framework,docs/operations/01-agent-evaluation-framework.md,8,known-dup:eval-framework — folds into the cluster survivor; title/filename-matched duplicate content.
docs/ai-development/testing/Agent_Testing_Monitoring_Evaluation.md,MIGRATE,agent-testing-monitoring-evaluation,docs/operations/12-agent-testing-monitoring-evaluation.md,8,Section default (ai-development -> operations).
docs/ai-development/testing/index.md,MERGE-INTO,hub-operations,docs/operations/index.md,8,Nested section/subfolder index; one hub per domain rule — folds into hub-operations.
docs/ai-economics/AI-Value-Creator-Deliverables-Pack.md,SPLIT,ai-value-creator-deliverables-pack,docs/strategy/03-ai-value-creator-deliverables-pack.md,1,"Section default (ai-economics -> strategy). [SPLIT part 1/2: over 2000-word limit, split per migration/split-plans/split-ai-value-creator-deliverables-pack.md]"
docs/ai-economics/AI_Cost_Implementation_Guide_2026.md,SPLIT,ai-cost-implementation-guide-2026,docs/strategy/04-ai-cost-implementation-guide-2026.md,1,"Section default (ai-economics -> strategy). [SPLIT part 1/3: over 2000-word limit, split per migration/split-plans/split-ai-cost-implementation-guide-2026.md]"
docs/ai-economics/Agentic-AI-Use-Case-Value-Lifecycle.md,SPLIT,agentic-ai-use-case-value-lifecycle,docs/strategy/05-agentic-ai-use-case-value-lifecycle.md,1,"Section default (ai-economics -> strategy). [SPLIT part 1/2: over 2000-word limit, split per migration/split-plans/split-agentic-ai-use-case-value-lifecycle.md]"
docs/ai-economics/ai-coding-agents-2026.md,SPLIT,ai-coding-agents-2026,docs/strategy/06-ai-coding-agents-2026.md,1,"Section default (ai-economics -> strategy). [SPLIT part 1/3: over 2000-word limit, split per migration/split-plans/split-ai-coding-agents-2026.md]"
docs/ai-economics/ai-tokenomics-guide.md,SPLIT,ai-tokenomics-guide,docs/strategy/07-ai-tokenomics-guide.md,1,"Section default (ai-economics -> strategy). [SPLIT part 1/3: over 2000-word limit, split per migration/split-plans/split-ai-tokenomics-guide.md]"
docs/ai-economics/ai-value-creators-synthesis.md,SPLIT,ai-value-creators-synthesis,docs/strategy/08-ai-value-creators-synthesis.md,1,"Section default (ai-economics -> strategy). [SPLIT part 1/2: over 2000-word limit, split per migration/split-plans/split-ai-value-creators-synthesis.md]"
docs/ai-economics/enterprise-ai-commercial-analysis-2026.md,SPLIT,enterprise-ai-commercial-analysis-2026,docs/strategy/09-enterprise-ai-commercial-analysis-2026.md,1,"Section default (ai-economics -> strategy). [SPLIT part 1/2: over 2000-word limit, split per migration/split-plans/split-enterprise-ai-commercial-analysis-2026.md]"
docs/ai-economics/foundation-model-companies-2026.md,MIGRATE,foundation-model-companies-2026,docs/strategy/10-foundation-model-companies-2026.md,1,Section default (ai-economics -> strategy).
docs/ai-economics/index.md,MERGE-INTO,hub-strategy,docs/strategy/index.md,1,Nested section/subfolder index; one hub per domain rule — folds into hub-strategy.
docs/ai-foundations/AI_Assistant_Architecture_Research_Report.md,SPLIT,ai-assistant-architecture-research-report,docs/architecture/17-ai-assistant-architecture-research-report.md,2,"Section default (ai-foundations -> architecture). [SPLIT part 1/2: over 6000-word reference-architecture ceiling]"
docs/ai-foundations/AI_Deep_Future_Outlook_2026_2035.md,SPLIT,ai-deep-future-outlook-2026-2035,docs/architecture/18-ai-deep-future-outlook-2026-2035.md,2,"Section default (ai-foundations -> architecture). [SPLIT part 1/2: over 6000-word reference-architecture ceiling]"
docs/ai-foundations/AI_Lab_Research_Report_June2026.md,MIGRATE,ai-lab-research-report-june2026,docs/architecture/19-ai-lab-research-report-june2026.md,2,Section default (ai-foundations -> architecture).
docs/ai-foundations/AI_Native_Architecture_Evolution_Report.md,SPLIT,ai-native-architecture-evolution-report,docs/architecture/20-ai-native-architecture-evolution-report.md,2,"Section default (ai-foundations -> architecture). [SPLIT part 1/3: over 6000-word reference-architecture ceiling]"
docs/ai-foundations/The_Agentic_Loop_Enterprise_AI_Architect_Guide.md,SPLIT,the-agentic-loop-enterprise-ai-architect-guide,docs/architecture/21-the-agentic-loop-enterprise-ai-architect-guide.md,2,"Section default (ai-foundations -> architecture). [SPLIT part 1/2: over 6000-word reference-architecture ceiling]"
docs/ai-foundations/agentic_ai_landing_zone_architecture.md,SPLIT,agentic-ai-landing-zone-architecture,docs/architecture/22-agentic-ai-landing-zone-architecture.md,2,"Section default (ai-foundations -> architecture). [SPLIT part 1/2: over 6000-word reference-architecture ceiling]"
docs/ai-foundations/agentic_ai_landing_zone_business_layer.md,MIGRATE,agentic-ai-landing-zone-business-layer,docs/architecture/23-agentic-ai-landing-zone-business-layer.md,2,Section default (ai-foundations -> architecture).
docs/ai-foundations/agentic_ai_landing_zone_context_engineering.md,MIGRATE,agentic-ai-landing-zone-context-engineering,docs/architecture/24-agentic-ai-landing-zone-context-engineering.md,2,Section default (ai-foundations -> architecture).
docs/ai-foundations/agentic_ai_landing_zone_eu_ai_act.md,MIGRATE,agentic-ai-landing-zone-eu-ai-act,docs/architecture/25-agentic-ai-landing-zone-eu-ai-act.md,2,Section default (ai-foundations -> architecture).
docs/ai-foundations/agentic_ai_landing_zone_evaluation.md,MIGRATE,agentic-ai-landing-zone-evaluation,docs/architecture/26-agentic-ai-landing-zone-evaluation.md,2,Section default (ai-foundations -> architecture).
docs/ai-foundations/agentic_ai_landing_zone_memory_architecture.md,MIGRATE,agentic-ai-landing-zone-memory-architecture,docs/architecture/27-agentic-ai-landing-zone-memory-architecture.md,2,Section default (ai-foundations -> architecture).
docs/ai-foundations/agentic_ai_landing_zone_multiagent.md,MIGRATE,agentic-ai-landing-zone-multiagent,docs/architecture/28-agentic-ai-landing-zone-multiagent.md,2,Section default (ai-foundations -> architecture).
docs/ai-foundations/agentic_ai_landing_zone_platform_layer.md,MIGRATE,agentic-ai-landing-zone-platform-layer,docs/architecture/29-agentic-ai-landing-zone-platform-layer.md,2,Section default (ai-foundations -> architecture).
docs/ai-foundations/agentic_ai_landing_zone_playbooks.md,MIGRATE,agentic-ai-landing-zone-playbooks,docs/architecture/30-agentic-ai-landing-zone-playbooks.md,2,Section default (ai-foundations -> architecture).
docs/ai-foundations/agentic_ai_landing_zone_tier3_complete.md,MIGRATE,agentic-ai-landing-zone-tier3-complete,docs/architecture/31-agentic-ai-landing-zone-tier3-complete.md,2,Section default (ai-foundations -> architecture).
docs/ai-foundations/agentic_ai_landing_zone_visual_guide.md,MIGRATE,agentic-ai-landing-zone-visual-guide,docs/architecture/32-agentic-ai-landing-zone-visual-guide.md,2,Section default (ai-foundations -> architecture).
docs/ai-foundations/enterprise-agentic-ai-outlook-2026-2030.md,MIGRATE,enterprise-agentic-ai-outlook-2026-2030,docs/architecture/33-enterprise-agentic-ai-outlook-2026-2030.md,2,Section default (ai-foundations -> architecture).
docs/ai-foundations/index.md,MERGE-INTO,hub-architecture,docs/architecture/index.md,2,Nested section/subfolder index; one hub per domain rule — folds into hub-architecture.
docs/ai-foundations/transformer_architectures.md,MIGRATE,transformer-architectures,docs/architecture/34-transformer-architectures.md,2,Section default (ai-foundations -> architecture).
docs/ai-foundations/transformer_concepts_deep.md,MIGRATE,transformer-concepts-deep,docs/architecture/35-transformer-concepts-deep.md,2,Section default (ai-foundations -> architecture).
docs/ai-foundations/AI_Native_Architecture_Evolution_Report.md,SPLIT,ai-native-architecture-evolution-report-part2,docs/architecture/parts/12-ai-native-architecture-evolution-report-data-paradigms.md,2,"[SPLIT part 2/3 of ai-native-architecture-evolution-report]: data paradigm deep dives."
docs/ai-foundations/AI_Native_Architecture_Evolution_Report.md,SPLIT,ai-native-architecture-evolution-report-part3,docs/architecture/parts/13-ai-native-architecture-evolution-report-decision-forecast.md,2,"[SPLIT part 3/3 of ai-native-architecture-evolution-report]: decision matrix & forecast."
docs/ai-foundations/agentic_ai_landing_zone_architecture.md,SPLIT,agentic-ai-landing-zone-architecture-part2,docs/architecture/parts/14-agentic-ai-landing-zone-architecture-implementation-governance.md,2,"[SPLIT part 2/2 of agentic-ai-landing-zone-architecture]: implementation & governance."
docs/ai-foundations/AI_Deep_Future_Outlook_2026_2035.md,SPLIT,ai-deep-future-outlook-2026-2035-part2,docs/architecture/parts/15-ai-deep-future-outlook-2026-2035-sector-impacts.md,2,"[SPLIT part 2/2 of ai-deep-future-outlook-2026-2035]: sector impacts & implications."
docs/ai-foundations/AI_Assistant_Architecture_Research_Report.md,SPLIT,ai-assistant-architecture-research-report-part2,docs/architecture/parts/16-ai-assistant-architecture-research-report-implementation-evaluation.md,2,"[SPLIT part 2/2 of ai-assistant-architecture-research-report]: implementation & evaluation."
docs/ai-foundations/The_Agentic_Loop_Enterprise_AI_Architect_Guide.md,SPLIT,the-agentic-loop-enterprise-ai-architect-guide-part2,docs/architecture/parts/17-the-agentic-loop-enterprise-ai-architect-guide-practice-cases.md,2,"[SPLIT part 2/2 of the-agentic-loop-enterprise-ai-architect-guide]: practice & case studies."
docs/ai-protocols/a2a/index.md,MERGE-INTO,hub-protocols,docs/protocols/index.md,4,Nested section/subfolder index; one hub per domain rule — folds into hub-protocols.
docs/ai-protocols/auth/AgentIdentity_Research_2026_v2.md,MIGRATE,agentidentity-research-2026,docs/protocols/04-agentidentity-research-2026.md,4,Section default (ai-protocols -> protocols).
docs/ai-protocols/auth/Part3_Identity_OBO_Sessions.md,MIGRATE,identity-obo-sessions,docs/protocols/05-identity-obo-sessions.md,4,Section default (ai-protocols -> protocols).
docs/ai-protocols/auth/agent-identity-entra-vs-awsagentcore.md,MIGRATE,agent-identity-entra-vs-awsagentcore,docs/protocols/06-agent-identity-entra-vs-awsagentcore.md,4,Section default (ai-protocols -> protocols).
docs/ai-protocols/auth/auth-standards-reference.md,MIGRATE,auth-standards-reference,docs/protocols/01-auth-standards-reference.md,4,Section default (ai-protocols -> protocols).
docs/ai-protocols/auth/auth_identity_flows.md,MIGRATE,auth-identity-flows,docs/protocols/07-auth-identity-flows.md,4,Section default (ai-protocols -> protocols).
docs/ai-protocols/auth/enterprise-ai-platform-auth-survey.md,MIGRATE,enterprise-ai-platform-auth-survey,docs/protocols/02-enterprise-ai-platform-auth-survey.md,4,Section default (ai-protocols -> protocols).
docs/ai-protocols/auth/entra-3lo-agent-auth-implementation.md,MIGRATE,entra-3lo-agent-auth-implementation,docs/protocols/08-entra-3lo-agent-auth-implementation.md,4,Section default (ai-protocols -> protocols).
docs/ai-protocols/auth/entra-3lo-agent-auth-multiagent-compliance.md,MIGRATE,entra-3lo-agent-auth-multiagent-compliance,docs/protocols/09-entra-3lo-agent-auth-multiagent-compliance.md,4,Section default (ai-protocols -> protocols).
docs/ai-protocols/auth/entra-3lo-agent-auth-security-review.md,MIGRATE,entra-3lo-agent-auth-security-review,docs/protocols/10-entra-3lo-agent-auth-security-review.md,4,Section default (ai-protocols -> protocols).
docs/ai-protocols/auth/entra-3lo-agent-auth-standards-architecture.md,MIGRATE,entra-3lo-agent-auth-standards-architecture,docs/protocols/11-entra-3lo-agent-auth-standards-architecture.md,4,Section default (ai-protocols -> protocols).
docs/ai-protocols/auth/index.md,MERGE-INTO,hub-protocols,docs/protocols/index.md,4,Nested section/subfolder index; one hub per domain rule — folds into hub-protocols.
docs/ai-protocols/auth/marketplace-connector-auth-patterns.md,MIGRATE,marketplace-connector-auth-patterns,docs/protocols/03-marketplace-connector-auth-patterns.md,4,Section default (ai-protocols -> protocols).
docs/ai-protocols/auth/tool-authentication-connectors.md,MIGRATE,tool-authentication-connectors,docs/protocols/12-tool-authentication-connectors.md,4,Section default (ai-protocols -> protocols).
docs/ai-protocols/index.md,MERGE-INTO,hub-protocols,docs/protocols/index.md,4,Nested section/subfolder index; one hub per domain rule — folds into hub-protocols.
docs/ai-protocols/mcp/MCP_Deep_Research_2026.md,MIGRATE,mcp-deep-research-2026,docs/protocols/13-mcp-deep-research-2026.md,4,Section default (ai-protocols -> protocols).
docs/ai-protocols/mcp/MCP_Enterprise_Security_Governance_Operations_2026.md,MIGRATE,mcp-enterprise-security-governance-operations-2026,docs/protocols/14-mcp-enterprise-security-governance-operations-2026.md,4,Section default (ai-protocols -> protocols).
docs/ai-protocols/mcp/MCP_Harness_AIDLC.md,MIGRATE,mcp-harness-aidlc,docs/protocols/15-mcp-harness-aidlc.md,4,Section default (ai-protocols -> protocols).
docs/ai-protocols/mcp/index.md,MERGE-INTO,hub-protocols,docs/protocols/index.md,4,Nested section/subfolder index; one hub per domain rule — folds into hub-protocols.
docs/ai-protocols/standards/AI_Protocols_Standards_Service_Industry_Guide_2026.md,MIGRATE,ai-protocols-standards-service-industry-guide-2026,docs/protocols/16-ai-protocols-standards-service-industry-guide-2026.md,4,Section default (ai-protocols -> protocols).
docs/ai-protocols/standards/agent-protocol-metadata-headers.md,MIGRATE,agent-protocol-metadata-headers,docs/protocols/17-agent-protocol-metadata-headers.md,4,Section default (ai-protocols -> protocols).
docs/ai-protocols/standards/emerging-protocols-acp-anp.md,MIGRATE,emerging-protocols-acp-anp,docs/protocols/18-emerging-protocols-acp-anp.md,4,Section default (ai-protocols -> protocols).
docs/ai-protocols/standards/emerging-protocols-agui-utcp.md,MIGRATE,emerging-protocols-agui-utcp,docs/protocols/19-emerging-protocols-agui-utcp.md,4,Section default (ai-protocols -> protocols).
docs/ai-protocols/standards/emerging-protocols-beyond-mcp-a2a.md,MERGE-INTO,hub-protocols,docs/protocols/index.md,4,Nested section/subfolder index; one hub per domain rule — folds into hub-protocols.
docs/ai-protocols/standards/emerging-protocols-crosscutting.md,MIGRATE,emerging-protocols-crosscutting,docs/protocols/20-emerging-protocols-crosscutting.md,4,Section default (ai-protocols -> protocols).
docs/ai-protocols/standards/emerging-protocols-overview.md,MIGRATE,emerging-protocols-overview,docs/protocols/21-emerging-protocols-overview.md,4,Section default (ai-protocols -> protocols).
docs/ai-protocols/standards/emerging-protocols-ucp-ap2-nlip-lmos.md,MIGRATE,emerging-protocols-ucp-ap2-nlip-lmos,docs/protocols/22-emerging-protocols-ucp-ap2-nlip-lmos.md,4,Section default (ai-protocols -> protocols).
docs/ai-protocols/standards/existing-protocol-evolution-agentic-ai.md,MIGRATE,existing-protocol-evolution-agentic-ai,docs/protocols/23-existing-protocol-evolution-agentic-ai.md,4,Section default (ai-protocols -> protocols).
docs/ai-protocols/standards/index.md,MERGE-INTO,hub-protocols,docs/protocols/index.md,4,Nested section/subfolder index; one hub per domain rule — folds into hub-protocols.
docs/ai-security-governance/Agentic_AI_Governance_Framework.md,MIGRATE,agentic-ai-governance-framework,docs/trust/ai-security-governance/03-agentic-ai-governance-framework.md,7,Part of the 8-way security/governance sprawl (ai-security-governance); consolidates into docs/trust as its own sub-topic (deep-mind + policy volumes are the flagship spokes).
docs/ai-security-governance/Sovereign_Constitutional_AI_RAI_Implementation_Handbook.md,MIGRATE,sovereign-constitutional-ai-rai-implementation-handbook,docs/trust/ai-security-governance/04-sovereign-constitutional-ai-rai-implementation-handbook.md,7,Part of the 8-way security/governance sprawl (ai-security-governance); consolidates into docs/trust as its own sub-topic (deep-mind + policy volumes are the flagship spokes).
docs/ai-security-governance/deep-mind/Part01_DeepMind_AI_Control_Roadmap.md,MIGRATE,deepmind-ai-control-roadmap,docs/trust/ai-security-governance/05-deepmind-ai-control-roadmap.md,7,Part of the 8-way security/governance sprawl (ai-security-governance); consolidates into docs/trust as its own sub-topic (deep-mind + policy volumes are the flagship spokes).
docs/ai-security-governance/deep-mind/Part02_Evolution_Enterprise_AI_Security.md,MIGRATE,evolution-enterprise-ai-security,docs/trust/ai-security-governance/06-evolution-enterprise-ai-security.md,7,Part of the 8-way security/governance sprawl (ai-security-governance); consolidates into docs/trust as its own sub-topic (deep-mind + policy volumes are the flagship spokes).
docs/ai-security-governance/deep-mind/Part03_Enterprise_Threat_Modeling.md,MIGRATE,enterprise-threat-modeling,docs/trust/ai-security-governance/07-enterprise-threat-modeling.md,7,Part of the 8-way security/governance sprawl (ai-security-governance); consolidates into docs/trust as its own sub-topic (deep-mind + policy volumes are the flagship spokes).
docs/ai-security-governance/deep-mind/Part04_AI_Control_Architecture.md,MIGRATE,ai-control-architecture,docs/trust/ai-security-governance/08-ai-control-architecture.md,7,Part of the 8-way security/governance sprawl (ai-security-governance); consolidates into docs/trust as its own sub-topic (deep-mind + policy volumes are the flagship spokes).
docs/ai-security-governance/deep-mind/Part05_Runtime_AI_Security.md,MIGRATE,runtime-ai-security,docs/trust/ai-security-governance/09-runtime-ai-security.md,7,Part of the 8-way security/governance sprawl (ai-security-governance); consolidates into docs/trust as its own sub-topic (deep-mind + policy volumes are the flagship spokes).
docs/ai-security-governance/deep-mind/Part06_Identity_for_AI_Agents.md,MIGRATE,identity-for-ai-agents,docs/trust/ai-security-governance/10-identity-for-ai-agents.md,7,Part of the 8-way security/governance sprawl (ai-security-governance); consolidates into docs/trust as its own sub-topic (deep-mind + policy volumes are the flagship spokes).
docs/ai-security-governance/deep-mind/Part07_AI_Authorization.md,MIGRATE,ai-authorization,docs/trust/ai-security-governance/11-ai-authorization.md,7,Part of the 8-way security/governance sprawl (ai-security-governance); consolidates into docs/trust as its own sub-topic (deep-mind + policy volumes are the flagship spokes).
docs/ai-security-governance/deep-mind/Part08_Memory_Governance.md,MIGRATE,memory-governance,docs/trust/ai-security-governance/12-memory-governance.md,7,Part of the 8-way security/governance sprawl (ai-security-governance); consolidates into docs/trust as its own sub-topic (deep-mind + policy volumes are the flagship spokes).
docs/ai-security-governance/deep-mind/Part09_Tool_Governance.md,MIGRATE,tool-governance,docs/trust/ai-security-governance/13-tool-governance.md,7,Part of the 8-way security/governance sprawl (ai-security-governance); consolidates into docs/trust as its own sub-topic (deep-mind + policy volumes are the flagship spokes).
docs/ai-security-governance/deep-mind/Part10_Reasoning_Governance.md,MIGRATE,reasoning-governance,docs/trust/ai-security-governance/14-reasoning-governance.md,7,Part of the 8-way security/governance sprawl (ai-security-governance); consolidates into docs/trust as its own sub-topic (deep-mind + policy volumes are the flagship spokes).
docs/ai-security-governance/deep-mind/Part11_Multi_Agent_Security.md,MIGRATE,multi-agent-security,docs/trust/ai-security-governance/15-multi-agent-security.md,7,Part of the 8-way security/governance sprawl (ai-security-governance); consolidates into docs/trust as its own sub-topic (deep-mind + policy volumes are the flagship spokes).
docs/ai-security-governance/deep-mind/Part12_AI_Observability.md,MIGRATE,ai-observability,docs/trust/ai-security-governance/16-ai-observability.md,7,Part of the 8-way security/governance sprawl (ai-security-governance); consolidates into docs/trust as its own sub-topic (deep-mind + policy volumes are the flagship spokes).
docs/ai-security-governance/deep-mind/Part13_AI_SOC.md,MIGRATE,ai-soc,docs/trust/ai-security-governance/17-ai-soc.md,7,Part of the 8-way security/governance sprawl (ai-security-governance); consolidates into docs/trust as its own sub-topic (deep-mind + policy volumes are the flagship spokes).
docs/ai-security-governance/deep-mind/Part14_Enterprise_Governance.md,MIGRATE,enterprise-governance,docs/trust/ai-security-governance/18-enterprise-governance.md,7,Part of the 8-way security/governance sprawl (ai-security-governance); consolidates into docs/trust as its own sub-topic (deep-mind + policy volumes are the flagship spokes).
docs/ai-security-governance/deep-mind/Part15_Cloud_Implementation_Comparison.md,MIGRATE,cloud-implementation-comparison,docs/trust/ai-security-governance/19-cloud-implementation-comparison.md,7,Part of the 8-way security/governance sprawl (ai-security-governance); consolidates into docs/trust as its own sub-topic (deep-mind + policy volumes are the flagship spokes).
docs/ai-security-governance/deep-mind/Part16_Reference_Architecture.md,MIGRATE,reference-architecture,docs/trust/ai-security-governance/20-reference-architecture.md,7,Part of the 8-way security/governance sprawl (ai-security-governance); consolidates into docs/trust as its own sub-topic (deep-mind + policy volumes are the flagship spokes).
docs/ai-security-governance/deep-mind/Part17_Best_Practices_Anti_Patterns.md,MIGRATE,best-practices-anti-patterns,docs/trust/ai-security-governance/21-best-practices-anti-patterns.md,7,Part of the 8-way security/governance sprawl (ai-security-governance); consolidates into docs/trust as its own sub-topic (deep-mind + policy volumes are the flagship spokes).
docs/ai-security-governance/deep-mind/Part18_Future_Outlook_2026_2035.md,MIGRATE,future-outlook-2026-2035,docs/trust/ai-security-governance/22-future-outlook-2026-2035.md,7,Part of the 8-way security/governance sprawl (ai-security-governance); consolidates into docs/trust as its own sub-topic (deep-mind + policy volumes are the flagship spokes).
docs/ai-security-governance/deep-mind/index.md,MIGRATE,ai-control-series-overview,docs/trust/ai-security-governance/01-ai-control-series-overview.md,7,"Flagship spoke per doctrine: DeepMind 18-part AI Control series overview/index kept as its own page, not merged into hub-trust."
docs/ai-security-governance/index.md,MERGE-INTO,hub-trust,docs/trust/index.md,7,Redundant nested section index; one hub per domain rule — folds into hub-trust.
docs/ai-security-governance/policy/Vol0_Series_Index_and_Overview.md,MIGRATE,policy-authorization-series-overview,docs/trust/ai-security-governance/02-policy-authorization-series-overview.md,7,"Flagship spoke per doctrine: policy/authorization volume series overview kept as its own page, not merged into hub-trust."
docs/ai-security-governance/policy/Vol1_Executive_Architecture.md,MIGRATE,executive-architecture,docs/trust/ai-security-governance/23-executive-architecture.md,7,Part of the 8-way security/governance sprawl (ai-security-governance); consolidates into docs/trust as its own sub-topic (deep-mind + policy volumes are the flagship spokes).
docs/ai-security-governance/policy/Vol1b_Authorization_Deep_Dive.md,MIGRATE,1b-authorization-deep-dive,docs/trust/ai-security-governance/24-1b-authorization-deep-dive.md,7,Part of the 8-way security/governance sprawl (ai-security-governance); consolidates into docs/trust as its own sub-topic (deep-mind + policy volumes are the flagship spokes).
docs/ai-security-governance/policy/Vol2_Identity_Claims_Policy.md,MIGRATE,identity-claims-policy,docs/trust/ai-security-governance/25-identity-claims-policy.md,7,Part of the 8-way security/governance sprawl (ai-security-governance); consolidates into docs/trust as its own sub-topic (deep-mind + policy volumes are the flagship spokes).
docs/ai-security-governance/policy/Vol2b_Advanced_Policy_Engineering.md,MIGRATE,2b-advanced-policy-engineering,docs/trust/ai-security-governance/26-2b-advanced-policy-engineering.md,7,Part of the 8-way security/governance sprawl (ai-security-governance); consolidates into docs/trust as its own sub-topic (deep-mind + policy volumes are the flagship spokes).
docs/ai-security-governance/policy/Vol3_Agent_Tool_MCP_Authorization.md,MIGRATE,agent-tool-mcp-authorization,docs/trust/ai-security-governance/27-agent-tool-mcp-authorization.md,7,Part of the 8-way security/governance sprawl (ai-security-governance); consolidates into docs/trust as its own sub-topic (deep-mind + policy volumes are the flagship spokes).
docs/ai-security-governance/policy/Vol3b_Agent_Authorization_Deep_Dive.md,MIGRATE,3b-agent-authorization-deep-dive,docs/trust/ai-security-governance/28-3b-agent-authorization-deep-dive.md,7,Part of the 8-way security/governance sprawl (ai-security-governance); consolidates into docs/trust as its own sub-topic (deep-mind + policy volumes are the flagship spokes).
docs/ai-security-governance/policy/Vol4_RAG_Memory_Data_Authorization.md,MIGRATE,rag-memory-data-authorization,docs/trust/ai-security-governance/29-rag-memory-data-authorization.md,7,Part of the 8-way security/governance sprawl (ai-security-governance); consolidates into docs/trust as its own sub-topic (deep-mind + policy volumes are the flagship spokes).
docs/ai-security-governance/policy/Vol4b_AWS_Entra_Federation_Patterns.md,MIGRATE,4b-aws-entra-federation-patterns,docs/trust/ai-security-governance/30-4b-aws-entra-federation-patterns.md,7,Part of the 8-way security/governance sprawl (ai-security-governance); consolidates into docs/trust as its own sub-topic (deep-mind + policy volumes are the flagship spokes).
docs/ai-security-governance/policy/Vol5_AWS_Implementation_Governance.md,MIGRATE,aws-implementation-governance,docs/trust/ai-security-governance/31-aws-implementation-governance.md,7,Part of the 8-way security/governance sprawl (ai-security-governance); consolidates into docs/trust as its own sub-topic (deep-mind + policy volumes are the flagship spokes).
docs/ai-security-governance/policy/Vol5b_Compliance_Governance_Decision_Framework.md,MIGRATE,5b-compliance-governance-decision-framework,docs/trust/ai-security-governance/32-5b-compliance-governance-decision-framework.md,7,Part of the 8-way security/governance sprawl (ai-security-governance); consolidates into docs/trust as its own sub-topic (deep-mind + policy volumes are the flagship spokes).
docs/ai-security-governance/policy/index.md,MERGE-INTO,hub-trust,docs/trust/index.md,7,Redundant nested section index; one hub per domain rule — folds into hub-trust.
docs/ai-security-governance/security/01-Foundations-Reference-Architecture.md,MIGRATE,foundations-reference-architecture,docs/trust/ai-security-governance/33-foundations-reference-architecture.md,7,Part of the 8-way security/governance sprawl (ai-security-governance); consolidates into docs/trust as its own sub-topic (deep-mind + policy volumes are the flagship spokes).
docs/ai-security-governance/security/02-Identity-MCP-A2A-Security-Blueprint.md,MIGRATE,identity-mcp-a2a-security-blueprint,docs/trust/ai-security-governance/34-identity-mcp-a2a-security-blueprint.md,7,Part of the 8-way security/governance sprawl (ai-security-governance); consolidates into docs/trust as its own sub-topic (deep-mind + policy volumes are the flagship spokes).
docs/ai-security-governance/security/04-AI-SOC-Observability-RedTeam-Memory.md,MIGRATE,ai-soc-observability-redteam-memory,docs/trust/ai-security-governance/35-ai-soc-observability-redteam-memory.md,7,Part of the 8-way security/governance sprawl (ai-security-governance); consolidates into docs/trust as its own sub-topic (deep-mind + policy volumes are the flagship spokes).
docs/ai-security-governance/security/05-Economic-Security-FinOps-Commerce-PQC.md,MIGRATE,economic-security-finops-commerce-pqc,docs/trust/ai-security-governance/36-economic-security-finops-commerce-pqc.md,7,Part of the 8-way security/governance sprawl (ai-security-governance); consolidates into docs/trust as its own sub-topic (deep-mind + policy volumes are the flagship spokes).
docs/ai-security-governance/security/06-Operating-Model-Maturity-Roadmap.md,MIGRATE,operating-model-maturity-roadmap,docs/trust/ai-security-governance/37-operating-model-maturity-roadmap.md,7,Part of the 8-way security/governance sprawl (ai-security-governance); consolidates into docs/trust as its own sub-topic (deep-mind + policy volumes are the flagship spokes).
docs/ai-security-governance/security/07-Zero-to-Mastery-Curriculum.md,MIGRATE,zero-to-mastery-curriculum,docs/trust/ai-security-governance/38-zero-to-mastery-curriculum.md,7,Part of the 8-way security/governance sprawl (ai-security-governance); consolidates into docs/trust as its own sub-topic (deep-mind + policy volumes are the flagship spokes).
docs/ai-security-governance/security/08-Architects-Field-Guide.md,MIGRATE,architects-field-guide,docs/trust/ai-security-governance/39-architects-field-guide.md,7,Part of the 8-way security/governance sprawl (ai-security-governance); consolidates into docs/trust as its own sub-topic (deep-mind + policy volumes are the flagship spokes).
docs/ai-security-governance/security/08-Future-AI-SOC-2026-2030.md,MIGRATE,future-ai-soc-2026-2030,docs/trust/ai-security-governance/40-future-ai-soc-2026-2030.md,7,Part of the 8-way security/governance sprawl (ai-security-governance); consolidates into docs/trust as its own sub-topic (deep-mind + policy volumes are the flagship spokes).
docs/ai-security-governance/security/AI-Bill-of-Materials-Guide.md,MIGRATE,ai-bill-of-materials-guide,docs/trust/ai-security-governance/41-ai-bill-of-materials-guide.md,7,Part of the 8-way security/governance sprawl (ai-security-governance); consolidates into docs/trust as its own sub-topic (deep-mind + policy volumes are the flagship spokes).
docs/ai-security-governance/security/AI-Red-Teaming-Guide.md,MIGRATE,ai-red-teaming-guide,docs/trust/ai-security-governance/42-ai-red-teaming-guide.md,7,Part of the 8-way security/governance sprawl (ai-security-governance); consolidates into docs/trust as its own sub-topic (deep-mind + policy volumes are the flagship spokes).
docs/ai-security-governance/security/AI-TRiSM-Complete-Guide.md,MIGRATE,ai-trism-complete-guide,docs/trust/ai-security-governance/43-ai-trism-complete-guide.md,7,Part of the 8-way security/governance sprawl (ai-security-governance); consolidates into docs/trust as its own sub-topic (deep-mind + policy volumes are the flagship spokes).
docs/ai-security-governance/security/AIDR-AI-Detection-Response-Complete-Guide.md,MIGRATE,aidr-ai-detection-response-complete-guide,docs/trust/ai-security-governance/44-aidr-ai-detection-response-complete-guide.md,7,Part of the 8-way security/governance sprawl (ai-security-governance); consolidates into docs/trust as its own sub-topic (deep-mind + policy volumes are the flagship spokes).
docs/ai-security-governance/security/AISPM-AI-Security-Posture-Management.md,MIGRATE,aispm-ai-security-posture-management,docs/trust/ai-security-governance/45-aispm-ai-security-posture-management.md,7,Part of the 8-way security/governance sprawl (ai-security-governance); consolidates into docs/trust as its own sub-topic (deep-mind + policy volumes are the flagship spokes).
docs/ai-security-governance/security/Model-Cards-System-Cards-Guide.md,MIGRATE,model-cards-system-cards-guide,docs/trust/ai-security-governance/46-model-cards-system-cards-guide.md,7,Part of the 8-way security/governance sprawl (ai-security-governance); consolidates into docs/trust as its own sub-topic (deep-mind + policy volumes are the flagship spokes).
docs/ai-security-governance/security/Part1_Industry_Survey.md,MERGE-INTO,enterprise-ai-platform-auth-survey,docs/protocols/02-enterprise-ai-platform-auth-survey.md,4,Title-identical to an ai-protocols/auth page (cross-section duplicate found by title-normalization scan) — folds into the protocols-domain survivor rather than duplicating in trust.
docs/ai-security-governance/security/Part4_Runtime_Security_Governance.md,MIGRATE,runtime-security-governance,docs/trust/ai-security-governance/47-runtime-security-governance.md,7,Part of the 8-way security/governance sprawl (ai-security-governance); consolidates into docs/trust as its own sub-topic (deep-mind + policy volumes are the flagship spokes).
docs/ai-security-governance/security/Part5_Marketplace_Architecture.md,MERGE-INTO,marketplace-connector-auth-patterns,docs/protocols/03-marketplace-connector-auth-patterns.md,4,Title-identical to an ai-protocols/auth page (cross-section duplicate found by title-normalization scan) — folds into the protocols-domain survivor rather than duplicating in trust.
docs/ai-security-governance/security/Part7_Standards_Reference.md,MERGE-INTO,auth-standards-reference,docs/protocols/01-auth-standards-reference.md,4,Title-identical to an ai-protocols/auth page (cross-section duplicate found by title-normalization scan) — folds into the protocols-domain survivor rather than duplicating in trust.
docs/ai-security-governance/security/index.md,MERGE-INTO,hub-trust,docs/trust/index.md,7,Redundant nested section index; one hub per domain rule — folds into hub-trust.
docs/ai-soc-playbooks/index.md,MERGE-INTO,hub-trust,docs/trust/index.md,7,Redundant nested section index; one hub per domain rule — folds into hub-trust.
docs/ai-soc-playbooks/part-01-soc-operating-model.md,MIGRATE,part-01-soc-operating-model,docs/trust/ai-soc-playbooks/01-part-01-soc-operating-model.md,7,Part of the 8-way security/governance sprawl (ai-soc-playbooks); consolidates into docs/trust as its own sub-topic (deep-mind + policy volumes are the flagship spokes).
docs/ai-soc-playbooks/part-02-ai-use-cases.md,MIGRATE,part-02-ai-use-cases,docs/trust/ai-soc-playbooks/02-part-02-ai-use-cases.md,7,Part of the 8-way security/governance sprawl (ai-soc-playbooks); consolidates into docs/trust as its own sub-topic (deep-mind + policy volumes are the flagship spokes).
docs/ai-soc-playbooks/part-03-agentic-soc.md,MIGRATE,part-03-agentic-soc,docs/trust/ai-soc-playbooks/03-part-03-agentic-soc.md,7,Part of the 8-way security/governance sprawl (ai-soc-playbooks); consolidates into docs/trust as its own sub-topic (deep-mind + policy volumes are the flagship spokes).
docs/ai-soc-playbooks/part-04-automation-playbooks.md,MIGRATE,part-04-automation-playbooks,docs/trust/ai-soc-playbooks/04-part-04-automation-playbooks.md,7,Part of the 8-way security/governance sprawl (ai-soc-playbooks); consolidates into docs/trust as its own sub-topic (deep-mind + policy volumes are the flagship spokes).
docs/ai-soc-playbooks/part-05-soar-platforms.md,MIGRATE,part-05-soar-platforms,docs/trust/ai-soc-playbooks/05-part-05-soar-platforms.md,7,Part of the 8-way security/governance sprawl (ai-soc-playbooks); consolidates into docs/trust as its own sub-topic (deep-mind + policy volumes are the flagship spokes).
docs/ai-soc-playbooks/part-06-ai-models.md,MIGRATE,part-06-ai-models,docs/trust/ai-soc-playbooks/06-part-06-ai-models.md,7,Part of the 8-way security/governance sprawl (ai-soc-playbooks); consolidates into docs/trust as its own sub-topic (deep-mind + policy volumes are the flagship spokes).
docs/ai-soc-playbooks/part-07-ai-safety.md,MIGRATE,part-07-ai-safety,docs/trust/ai-soc-playbooks/07-part-07-ai-safety.md,7,Part of the 8-way security/governance sprawl (ai-soc-playbooks); consolidates into docs/trust as its own sub-topic (deep-mind + policy volumes are the flagship spokes).
docs/ai-soc-playbooks/part-08-observability.md,MIGRATE,part-08-observability,docs/trust/ai-soc-playbooks/08-part-08-observability.md,7,Part of the 8-way security/governance sprawl (ai-soc-playbooks); consolidates into docs/trust as its own sub-topic (deep-mind + policy volumes are the flagship spokes).
docs/ai-soc-playbooks/part-09-enterprise-architecture.md,MIGRATE,part-09-enterprise-architecture,docs/trust/ai-soc-playbooks/09-part-09-enterprise-architecture.md,7,Part of the 8-way security/governance sprawl (ai-soc-playbooks); consolidates into docs/trust as its own sub-topic (deep-mind + policy volumes are the flagship spokes).
docs/ai-soc-playbooks/part-10-standards-compliance.md,MIGRATE,part-10-standards-compliance,docs/trust/ai-soc-playbooks/10-part-10-standards-compliance.md,7,Part of the 8-way security/governance sprawl (ai-soc-playbooks); consolidates into docs/trust as its own sub-topic (deep-mind + policy volumes are the flagship spokes).
docs/ai-soc-playbooks/part-11-implementation-roadmap.md,MIGRATE,part-11-implementation-roadmap,docs/trust/ai-soc-playbooks/11-part-11-implementation-roadmap.md,7,Part of the 8-way security/governance sprawl (ai-soc-playbooks); consolidates into docs/trust as its own sub-topic (deep-mind + policy volumes are the flagship spokes).
docs/ai-soc-playbooks/part-12-finops.md,MIGRATE,finops-ai-soc,docs/operations/02-finops-ai-soc.md,8,"FinOps unifies under docs/operations per doctrine, even though the rest of this series stays in trust; survivor for the AI-SOC-FinOps duplicate pair (vs databricks part-12-finops)."
docs/ai-soc-playbooks/part-13-vendor-landscape.md,MIGRATE,part-13-vendor-landscape,docs/trust/ai-soc-playbooks/12-part-13-vendor-landscape.md,7,Part of the 8-way security/governance sprawl (ai-soc-playbooks); consolidates into docs/trust as its own sub-topic (deep-mind + policy volumes are the flagship spokes).
docs/ai-soc-playbooks/part-14-future-soc.md,MIGRATE,part-14-future-soc,docs/trust/ai-soc-playbooks/13-part-14-future-soc.md,7,Part of the 8-way security/governance sprawl (ai-soc-playbooks); consolidates into docs/trust as its own sub-topic (deep-mind + policy volumes are the flagship spokes).
docs/ai-usecases/01_aviation.md,TRACK,aviation,docs/assets/22-aviation.md,8,Section default (ai-usecases -> assets).
docs/ai-usecases/02_banking.md,TRACK,banking,docs/assets/23-banking.md,8,Section default (ai-usecases -> assets).
docs/ai-usecases/03_healthcare.md,TRACK,healthcare,docs/assets/24-healthcare.md,8,Section default (ai-usecases -> assets).
docs/ai-usecases/04_manufacturing.md,TRACK,manufacturing,docs/assets/25-manufacturing.md,8,Section default (ai-usecases -> assets).
docs/ai-usecases/05_telecom.md,TRACK,telecom,docs/assets/26-telecom.md,8,Section default (ai-usecases -> assets).
docs/ai-usecases/06_government.md,TRACK,government,docs/assets/27-government.md,8,Section default (ai-usecases -> assets).
docs/ai-usecases/07_pharma.md,TRACK,pharma,docs/assets/28-pharma.md,8,Section default (ai-usecases -> assets).
docs/ai-usecases/08_energy.md,TRACK,energy,docs/assets/29-energy.md,8,Section default (ai-usecases -> assets).
docs/ai-usecases/09_logistics.md,TRACK,logistics,docs/assets/30-logistics.md,8,Section default (ai-usecases -> assets).
docs/ai-usecases/10_media.md,TRACK,media,docs/assets/31-media.md,8,Section default (ai-usecases -> assets).
docs/ai-usecases/CEO_Agent_Failure_Modes_Governance_Harness.md,TRACK,case-study-ceo-agent-failure-modes,docs/assets/32-case-study-ceo-agent-failure-modes.md,8,"CEO Agent worked example, failure modes & governance harness."
docs/ai-usecases/CEO_Agent_Solution_Blueprint.md,TRACK,case-study-ceo-agent-blueprint,docs/assets/33-case-study-ceo-agent-blueprint.md,8,"CEO Agent worked example, solution blueprint."
docs/ai-usecases/Case_01_Meridian_Fraud_Investigation_Agents.md,TRACK,case-01-meridian-fraud-investigation-agents,docs/assets/34-case-01-meridian-fraud-investigation-agents.md,8,Section default (ai-usecases -> assets).
docs/ai-usecases/Case_02_Cascadia_Prior_Authorization_Agent.md,TRACK,case-02-cascadia-prior-authorization-agent,docs/assets/35-case-02-cascadia-prior-authorization-agent.md,8,Section default (ai-usecases -> assets).
docs/ai-usecases/Case_03_Ironclad_Maintenance_Orchestration_Agent.md,TRACK,case-03-ironclad-maintenance-orchestration-agent,docs/assets/36-case-03-ironclad-maintenance-orchestration-agent.md,8,Section default (ai-usecases -> assets).
docs/ai-usecases/Case_04_Northline_Customer_Service_Agents.md,TRACK,case-04-northline-customer-service-agents,docs/assets/37-case-04-northline-customer-service-agents.md,8,Section default (ai-usecases -> assets).
docs/ai-usecases/Case_05_Aurelia_Research_Assistant_Agent.md,TRACK,case-05-aurelia-research-assistant-agent,docs/assets/38-case-05-aurelia-research-assistant-agent.md,8,Section default (ai-usecases -> assets).
docs/ai-usecases/Case_06_Skyline_Disruption_Control_Tower.md,TRACK,case-06-skyline-disruption-control-tower,docs/assets/39-case-06-skyline-disruption-control-tower.md,8,Section default (ai-usecases -> assets).
docs/ai-usecases/Case_07_Harborstone_Claims_Processing_Agents.md,TRACK,case-07-harborstone-claims-processing-agents,docs/assets/40-case-07-harborstone-claims-processing-agents.md,8,Section default (ai-usecases -> assets).
docs/ai-usecases/Case_08_Sterling_Loan_Underwriting_Agent.md,TRACK,case-08-sterling-loan-underwriting-agent,docs/assets/41-case-08-sterling-loan-underwriting-agent.md,8,Section default (ai-usecases -> assets).
docs/ai-usecases/Case_09_Palisade_Grid_Operations_Agent.md,TRACK,case-09-palisade-grid-operations-agent,docs/assets/42-case-09-palisade-grid-operations-agent.md,8,Section default (ai-usecases -> assets).
docs/ai-usecases/Case_10_Vantara_Procurement_Negotiation_Agents.md,TRACK,case-10-vantara-procurement-negotiation-agents,docs/assets/43-case-10-vantara-procurement-negotiation-agents.md,8,Section default (ai-usecases -> assets).
docs/ai-usecases/Case_11_Vaxion_Clinical_Trial_Matching_Agent.md,TRACK,case-11-vaxion-clinical-trial-matching-agent,docs/assets/44-case-11-vaxion-clinical-trial-matching-agent.md,8,Section default (ai-usecases -> assets).
docs/ai-usecases/Case_12_Meritage_Dynamic_Pricing_Agent.md,TRACK,case-12-meritage-dynamic-pricing-agent,docs/assets/45-case-12-meritage-dynamic-pricing-agent.md,8,Section default (ai-usecases -> assets).
docs/ai-usecases/Case_13_StateDHS_Benefits_Navigation_Agent.md,TRACK,case-13-statedhs-benefits-navigation-agent,docs/assets/46-case-13-statedhs-benefits-navigation-agent.md,8,Section default (ai-usecases -> assets).
docs/ai-usecases/Case_14_Falkirk_SOC_Threat_Response_Agent.md,TRACK,case-14-falkirk-soc-threat-response-agent,docs/assets/47-case-14-falkirk-soc-threat-response-agent.md,8,Section default (ai-usecases -> assets).
docs/ai-usecases/Case_15_Correlate_Recruiting_Screening_Agent.md,TRACK,case-15-correlate-recruiting-screening-agent,docs/assets/48-case-15-correlate-recruiting-screening-agent.md,8,Section default (ai-usecases -> assets).
docs/ai-usecases/EU_Banking_AI_Agent_Evaluation_Framework.md,MERGE-INTO,eu-bank-copilot-compliance-observability,docs/assets/04-eu-bank-copilot-compliance-observability.md,8,"known-dup:eu-bank-copilot (also known-dup:eval-framework) — EU-Bank-specific evaluation content; case folds into the compliance/observability part of the same worked example, general framework content already covered by operations/agent-evaluation-framework survivor."
docs/ai-usecases/EU_Banking_AI_Evaluation_Compliance_Guide.md,MERGE-INTO,eu-bank-copilot-compliance-observability,docs/assets/04-eu-bank-copilot-compliance-observability.md,8,known-dup:eu-bank-copilot — compliance/evaluation content overlapping part4.
docs/ai-usecases/Enterprise_AI_Case_Studies.md,TRACK,enterprise-ai-case-studies,docs/assets/49-enterprise-ai-case-studies.md,8,Section default (ai-usecases -> assets).
docs/ai-usecases/Part6_Banking_Case_Study.md,TRACK,banking-case-study,docs/assets/50-banking-case-study.md,8,Section default (ai-usecases -> assets).
docs/ai-usecases/airgapped-banking-architecture.md,MIGRATE,airgapped-banking-infrastructure,docs/trust/01-airgapped-banking-infrastructure.md,7,"Air-gapped/regulated deployment architecture reads as sovereign-AI infrastructure guidance, not a narrative case study -> trust."
docs/ai-usecases/ceo_agent_pitch.md,TRACK,case-study-ceo-agent,docs/assets/51-case-study-ceo-agent.md,8,Worked-example pitch deck for the CEO Agent case study cluster.
docs/ai-usecases/eu-bank-ai-copilot-architecture.md,MERGE-INTO,eu-bank-copilot-architecture,docs/assets/01-eu-bank-copilot-architecture.md,8,"known-dup:eu-bank-copilot — earlier draft of part1-architecture content, same subject."
docs/ai-usecases/eu-bank-ai-copilot-complete.md,DROP,,,,"Monolith (557 words) superseded by its own Part1-4 split — monolith+parts doctrine: keep parts, drop monolith."
docs/ai-usecases/eu-bank-ai-copilot-part1-architecture.md,MIGRATE,eu-bank-copilot-architecture,docs/assets/01-eu-bank-copilot-architecture.md,8,"EU Bank AI Copilot worked example, part 1 of 4 (architecture & design decisions)."
docs/ai-usecases/eu-bank-ai-copilot-part2-sequence-diagrams-and-code.md,MIGRATE,eu-bank-copilot-sequence-diagrams,docs/assets/02-eu-bank-copilot-sequence-diagrams.md,8,"EU Bank AI Copilot worked example, part 2 of 4 (sequence diagrams & code)."
docs/ai-usecases/eu-bank-ai-copilot-part3-agent-mcp-security.md,MIGRATE,eu-bank-copilot-runtime-security,docs/assets/03-eu-bank-copilot-runtime-security.md,8,"EU Bank AI Copilot worked example, part 3 of 4 (agent runtime, MCP & security)."
docs/ai-usecases/eu-bank-ai-copilot-part4-compliance-infra-observability.md,MIGRATE,eu-bank-copilot-compliance-observability,docs/assets/04-eu-bank-copilot-compliance-observability.md,8,"EU Bank AI Copilot worked example, part 4 of 4 (compliance, infra & observability)."
docs/ai-usecases/eu-bank-sequence-diagrams.md,MERGE-INTO,eu-bank-copilot-sequence-diagrams,docs/assets/02-eu-bank-copilot-sequence-diagrams.md,8,known-dup:eu-bank-copilot — earlier draft of part2 sequence-diagram content.
docs/ai-usecases/index.md,MERGE-INTO,hub-assets,docs/assets/index.md,8,Nested section/subfolder index; one hub per domain rule — folds into hub-assets.
docs/cloud-platforms/ai-gateway/AI_Gateway_Full_Comparison.md,MIGRATE,ai-gateway-full-comparison,docs/platforms/05-ai-gateway-full-comparison.md,6,Section default (cloud-platforms -> platforms).
docs/cloud-platforms/ai-gateway/AI_Gateway_MultiTenant_MultiCloud.md,MIGRATE,ai-gateway-multitenant-multicloud,docs/platforms/06-ai-gateway-multitenant-multicloud.md,6,Section default (cloud-platforms -> platforms).
docs/cloud-platforms/ai-gateway/Enterprise_AI_Gateway.md,MIGRATE,enterprise-ai-gateway,docs/platforms/07-enterprise-ai-gateway.md,6,Section default (cloud-platforms -> platforms).
docs/cloud-platforms/ai-gateway/index.md,MERGE-INTO,hub-platforms,docs/platforms/index.md,6,Nested section/subfolder index; one hub per domain rule — folds into hub-platforms.
docs/cloud-platforms/ai-gateway/kong-ai-gateway-guide.md,MIGRATE,kong-ai-gateway-guide,docs/platforms/08-kong-ai-gateway-guide.md,6,Section default (cloud-platforms -> platforms).
docs/cloud-platforms/ai-gateway/kong-entra-id-integration.md,MIGRATE,kong-entra-id-integration,docs/platforms/09-kong-entra-id-integration.md,6,Section default (cloud-platforms -> platforms).
docs/cloud-platforms/ai-infrastructure-silicon-landscape-2026.md,MIGRATE,ai-infrastructure-silicon-landscape-2026,docs/platforms/10-ai-infrastructure-silicon-landscape-2026.md,6,Section default (cloud-platforms -> platforms).
docs/cloud-platforms/aws/AWS_Native_Standards_First_Agentic_Architecture.md,MIGRATE,aws-native-standards-first-agentic-architecture,docs/platforms/11-aws-native-standards-first-agentic-architecture.md,6,Section default (cloud-platforms -> platforms).
docs/cloud-platforms/aws/AWS_Strands_AgentCore_AdvancedPatterns_v3.md,MIGRATE,aws-strands-agentcore-advancedpatterns,docs/platforms/12-aws-strands-agentcore-advancedpatterns.md,6,Section default (cloud-platforms -> platforms).
docs/cloud-platforms/aws/AWS_Strands_AgentCore_Builder_Journey_Kit.md,MIGRATE,aws-strands-agentcore-builder-journey-kit,docs/platforms/13-aws-strands-agentcore-builder-journey-kit.md,6,Section default (cloud-platforms -> platforms).
docs/cloud-platforms/aws/AWS_Strands_AgentCore_Delta_Supplement_v2.md,MIGRATE,aws-strands-agentcore-delta-supplement,docs/platforms/14-aws-strands-agentcore-delta-supplement.md,6,Section default (cloud-platforms -> platforms).
docs/cloud-platforms/aws/AgentCore_Memory_Architecture_Guide.md,MIGRATE,agentcore-memory-architecture-guide,docs/platforms/15-agentcore-memory-architecture-guide.md,6,Section default (cloud-platforms -> platforms).
docs/cloud-platforms/aws/AgentCore_Memory_Gaps_Extensions_2026.md,MIGRATE,agentcore-memory-gaps-extensions-2026,docs/platforms/16-agentcore-memory-gaps-extensions-2026.md,6,Section default (cloud-platforms -> platforms).
docs/cloud-platforms/aws/AgentCore_Memory_Operations_DeepDive.md,MIGRATE,agentcore-memory-operations-deepdive,docs/platforms/17-agentcore-memory-operations-deepdive.md,6,Section default (cloud-platforms -> platforms).
docs/cloud-platforms/aws/agentcore_strands_deep_research_report.md,MIGRATE,agentcore-strands-deep-research-report,docs/platforms/18-agentcore-strands-deep-research-report.md,6,Section default (cloud-platforms -> platforms).
docs/cloud-platforms/aws/bedrock-agentcore-code-interpreter-architecture.md,MIGRATE,bedrock-agentcore-code-interpreter-architecture,docs/platforms/19-bedrock-agentcore-code-interpreter-architecture.md,6,Section default (cloud-platforms -> platforms).
docs/cloud-platforms/aws/hyperscaler-deep-dive-aws.md,MIGRATE,hyperscaler-deep-dive-aws,docs/platforms/20-hyperscaler-deep-dive-aws.md,6,Section default (cloud-platforms -> platforms).
docs/cloud-platforms/aws/index.md,MERGE-INTO,hub-platforms,docs/platforms/index.md,6,Nested section/subfolder index; one hub per domain rule — folds into hub-platforms.
docs/cloud-platforms/azure/azure_agent_architecture.md,MIGRATE,azure-agent-architecture,docs/platforms/21-azure-agent-architecture.md,6,Section default (cloud-platforms -> platforms).
docs/cloud-platforms/azure/hyperscaler-deep-dive-azure.md,MIGRATE,hyperscaler-deep-dive-azure,docs/platforms/22-hyperscaler-deep-dive-azure.md,6,Section default (cloud-platforms -> platforms).
docs/cloud-platforms/azure/index.md,MERGE-INTO,hub-platforms,docs/platforms/index.md,6,Nested section/subfolder index; one hub per domain rule — folds into hub-platforms.
docs/cloud-platforms/enterprise-agent-runtime-internals-2026.md,MIGRATE,enterprise-agent-runtime-internals-2026,docs/platforms/23-enterprise-agent-runtime-internals-2026.md,6,Section default (cloud-platforms -> platforms).
docs/cloud-platforms/gcp/hyperscaler-deep-dive-gcp.md,MIGRATE,hyperscaler-deep-dive-gcp,docs/platforms/24-hyperscaler-deep-dive-gcp.md,6,Section default (cloud-platforms -> platforms).
docs/cloud-platforms/gcp/index.md,MERGE-INTO,hub-platforms,docs/platforms/index.md,6,Nested section/subfolder index; one hub per domain rule — folds into hub-platforms.
docs/cloud-platforms/iac/index.md,MERGE-INTO,hub-platforms,docs/platforms/index.md,6,Nested section/subfolder index; one hub per domain rule — folds into hub-platforms.
docs/cloud-platforms/iac/terraform/ai-assisted-iac-mastery.md,MIGRATE,ai-assisted-iac-mastery,docs/platforms/25-ai-assisted-iac-mastery.md,6,Section default (cloud-platforms -> platforms).
docs/cloud-platforms/iac/terraform/index.md,MERGE-INTO,hub-platforms,docs/platforms/index.md,6,Nested section/subfolder index; one hub per domain rule — folds into hub-platforms.
docs/cloud-platforms/iac/terraform/terraform-mastery-guide.md,MIGRATE,terraform-mastery-guide,docs/platforms/26-terraform-mastery-guide.md,6,Section default (cloud-platforms -> platforms).
docs/cloud-platforms/index.md,MERGE-INTO,hub-platforms,docs/platforms/index.md,6,Nested section/subfolder index; one hub per domain rule — folds into hub-platforms.
docs/cloud-platforms/kubernetes/K8s_Handbook_Part10_Observability.md,MIGRATE,k8s-handbook-part10-observability,docs/platforms/27-k8s-handbook-part10-observability.md,6,Section default (cloud-platforms -> platforms).
docs/cloud-platforms/kubernetes/K8s_Handbook_Part11_AI_Infrastructure.md,MIGRATE,k8s-handbook-part11-ai-infrastructure,docs/platforms/28-k8s-handbook-part11-ai-infrastructure.md,6,Section default (cloud-platforms -> platforms).
docs/cloud-platforms/kubernetes/K8s_Handbook_Part12_Agentic_AI.md,MIGRATE,k8s-handbook-part12-agentic-ai,docs/platforms/29-k8s-handbook-part12-agentic-ai.md,6,Section default (cloud-platforms -> platforms).
docs/cloud-platforms/kubernetes/K8s_Handbook_Part13_Emerging_Standards.md,MIGRATE,k8s-handbook-part13-emerging-standards,docs/platforms/30-k8s-handbook-part13-emerging-standards.md,6,Section default (cloud-platforms -> platforms).
docs/cloud-platforms/kubernetes/K8s_Handbook_Part14_Reference_Architectures.md,MIGRATE,k8s-handbook-part14-reference-architectures,docs/platforms/31-k8s-handbook-part14-reference-architectures.md,6,Section default (cloud-platforms -> platforms).
docs/cloud-platforms/kubernetes/K8s_Handbook_Part15_Implementation_Labs.md,MIGRATE,k8s-handbook-part15-implementation-labs,docs/platforms/32-k8s-handbook-part15-implementation-labs.md,6,Section default (cloud-platforms -> platforms).
docs/cloud-platforms/kubernetes/K8s_Handbook_Part16_Future_Outlook.md,MIGRATE,k8s-handbook-part16-future-outlook,docs/platforms/33-k8s-handbook-part16-future-outlook.md,6,Section default (cloud-platforms -> platforms).
docs/cloud-platforms/kubernetes/K8s_Handbook_Part1_Infrastructure_Evolution.md,MIGRATE,k8s-handbook-part1-infrastructure-evolution,docs/platforms/34-k8s-handbook-part1-infrastructure-evolution.md,6,Section default (cloud-platforms -> platforms).
docs/cloud-platforms/kubernetes/K8s_Handbook_Part2_Linux_Foundations.md,MIGRATE,k8s-handbook-part2-linux-foundations,docs/platforms/35-k8s-handbook-part2-linux-foundations.md,6,Section default (cloud-platforms -> platforms).
docs/cloud-platforms/kubernetes/K8s_Handbook_Part3_Containers.md,MIGRATE,k8s-handbook-part3-containers,docs/platforms/36-k8s-handbook-part3-containers.md,6,Section default (cloud-platforms -> platforms).
docs/cloud-platforms/kubernetes/K8s_Handbook_Part4_Kubernetes_Internals.md,MIGRATE,k8s-handbook-part4-kubernetes-internals,docs/platforms/37-k8s-handbook-part4-kubernetes-internals.md,6,Section default (cloud-platforms -> platforms).
docs/cloud-platforms/kubernetes/K8s_Handbook_Part5_Kubernetes_Resources.md,MIGRATE,k8s-handbook-part5-kubernetes-resources,docs/platforms/38-k8s-handbook-part5-kubernetes-resources.md,6,Section default (cloud-platforms -> platforms).
docs/cloud-platforms/kubernetes/K8s_Handbook_Part6_Kubernetes_Networking.md,MIGRATE,k8s-handbook-part6-kubernetes-networking,docs/platforms/39-k8s-handbook-part6-kubernetes-networking.md,6,Section default (cloud-platforms -> platforms).
docs/cloud-platforms/kubernetes/K8s_Handbook_Part7_Storage.md,MIGRATE,k8s-handbook-part7-storage,docs/platforms/40-k8s-handbook-part7-storage.md,6,Section default (cloud-platforms -> platforms).
docs/cloud-platforms/kubernetes/K8s_Handbook_Part8_Security.md,MIGRATE,k8s-handbook-part8-security,docs/platforms/41-k8s-handbook-part8-security.md,6,Section default (cloud-platforms -> platforms).
docs/cloud-platforms/kubernetes/K8s_Handbook_Part9_Platform_Engineering.md,MIGRATE,k8s-handbook-part9-platform-engineering,docs/platforms/42-k8s-handbook-part9-platform-engineering.md,6,Section default (cloud-platforms -> platforms).
docs/cloud-platforms/kubernetes/index.md,MERGE-INTO,hub-platforms,docs/platforms/index.md,6,Nested section/subfolder index; one hub per domain rule — folds into hub-platforms.
docs/coding-tools/claude/Anthropic_Partner_Cert_Study_Guide.md,TRACK,cert-anthropic-partner-study-guide,docs/career/31-cert-anthropic-partner-study-guide.md,8,Certification study guide -> career track per doctrine (reviewer-audit fix).
docs/coding-tools/claude/CCAF_Advanced_Supplement.md,TRACK,cert-ccaf-advanced-supplement,docs/career/32-cert-ccaf-advanced-supplement.md,8,Certification content -> career track per doctrine (reviewer-audit fix).
docs/coding-tools/claude/CCAF_Study_Guide.md,TRACK,cert-ccaf-study-guide,docs/career/33-cert-ccaf-study-guide.md,8,Certification study guide -> career track per doctrine (reviewer-audit fix).
docs/coding-tools/claude/Cheatsheet_10_MultiAgent_Production.md,MIGRATE,cheatsheet-10-multiagent-production,docs/agentic-systems/coding-tools/13-cheatsheet-10-multiagent-production.md,3,Section default (coding-tools -> agentic-systems).
docs/coding-tools/claude/Cheatsheet_11_MCP_Pipeline_Errors.md,MIGRATE,cheatsheet-11-mcp-pipeline-errors,docs/agentic-systems/coding-tools/14-cheatsheet-11-mcp-pipeline-errors.md,3,Section default (coding-tools -> agentic-systems).
docs/coding-tools/claude/Cheatsheet_1_Claude_Code.md,MIGRATE,cheatsheet-1-claude-code,docs/agentic-systems/coding-tools/15-cheatsheet-1-claude-code.md,3,Section default (coding-tools -> agentic-systems).
docs/coding-tools/claude/Cheatsheet_2_Agent_SDK.md,MIGRATE,cheatsheet-2-agent-sdk,docs/agentic-systems/coding-tools/16-cheatsheet-2-agent-sdk.md,3,Section default (coding-tools -> agentic-systems).
docs/coding-tools/claude/Cheatsheet_3_MCP.md,MIGRATE,cheatsheet-3-mcp,docs/agentic-systems/coding-tools/17-cheatsheet-3-mcp.md,3,Section default (coding-tools -> agentic-systems).
docs/coding-tools/claude/Cheatsheet_4_AI_Fluency.md,MIGRATE,cheatsheet-4-ai-fluency,docs/agentic-systems/coding-tools/18-cheatsheet-4-ai-fluency.md,3,Section default (coding-tools -> agentic-systems).
docs/coding-tools/claude/Cheatsheet_5_Prompt_Engineering.md,MIGRATE,cheatsheet-5-prompt-engineering,docs/agentic-systems/coding-tools/19-cheatsheet-5-prompt-engineering.md,3,Section default (coding-tools -> agentic-systems).
docs/coding-tools/claude/Cheatsheet_6_Claude_CLI.md,MIGRATE,cheatsheet-6-claude-cli,docs/agentic-systems/coding-tools/20-cheatsheet-6-claude-cli.md,3,Section default (coding-tools -> agentic-systems).
docs/coding-tools/claude/Cheatsheet_7_Claude_Ecosystem.md,MIGRATE,cheatsheet-7-claude-ecosystem,docs/agentic-systems/coding-tools/21-cheatsheet-7-claude-ecosystem.md,3,Section default (coding-tools -> agentic-systems).
docs/coding-tools/claude/Cheatsheet_9_Agents_Parallelism.md,MIGRATE,cheatsheet-9-agents-parallelism,docs/agentic-systems/coding-tools/22-cheatsheet-9-agents-parallelism.md,3,Section default (coding-tools -> agentic-systems).
docs/coding-tools/claude/Claude_Ecosystem_Research_Report.md,MIGRATE,claude-ecosystem-research-report,docs/agentic-systems/coding-tools/23-claude-ecosystem-research-report.md,3,Section default (coding-tools -> agentic-systems).
docs/coding-tools/claude/Module_1_Claude_Foundations.md,MIGRATE,module-1-claude-foundations,docs/agentic-systems/coding-tools/24-module-1-claude-foundations.md,3,Section default (coding-tools -> agentic-systems).
docs/coding-tools/claude/Module_3_Prompt_Engineering.md,MIGRATE,module-3-prompt-engineering,docs/agentic-systems/coding-tools/25-module-3-prompt-engineering.md,3,Section default (coding-tools -> agentic-systems).
docs/coding-tools/claude/Module_4_MCP.md,MIGRATE,module-4-mcp,docs/agentic-systems/coding-tools/26-module-4-mcp.md,3,Section default (coding-tools -> agentic-systems).
docs/coding-tools/claude/Module_5_Claude_Code_Agents.md,MIGRATE,module-5-claude-code-agents,docs/agentic-systems/coding-tools/27-module-5-claude-code-agents.md,3,Section default (coding-tools -> agentic-systems).
docs/coding-tools/claude/Module_6_Claude_Workflows.md,MIGRATE,module-6-claude-workflows,docs/agentic-systems/coding-tools/28-module-6-claude-workflows.md,3,Section default (coding-tools -> agentic-systems).
docs/coding-tools/claude/Module_7_Safety_Enterprise_Exam.md,MIGRATE,module-7-safety-enterprise-exam,docs/agentic-systems/coding-tools/29-module-7-safety-enterprise-exam.md,3,Section default (coding-tools -> agentic-systems).
docs/coding-tools/claude/Questionnaire_Claude_Certification.md,TRACK,cert-claude-certification-questionnaire,docs/career/34-cert-claude-certification-questionnaire.md,8,Certification questionnaire -> career track per doctrine (reviewer-audit fix).
docs/coding-tools/claude/Questionnaire_Vol2_Claude_Certification.md,TRACK,cert-claude-certification-questionnaire-vol2,docs/career/35-cert-claude-certification-questionnaire-vol2.md,8,Certification questionnaire -> career track per doctrine (reviewer-audit fix).
docs/coding-tools/claude/ccaf-cheatsheet.md,TRACK,cert-ccaf-cheatsheet,docs/career/36-cert-ccaf-cheatsheet.md,8,Certification cheatsheet -> career track per doctrine (reviewer-audit fix).
docs/coding-tools/claude/ccaf-exam-prep-complete.md,TRACK,cert-ccaf-exam-prep,docs/career/37-cert-ccaf-exam-prep.md,8,Certification exam prep -> career track per doctrine (reviewer-audit fix).
docs/coding-tools/claude/ccao-f-cheatsheet.md,TRACK,cert-ccao-f-cheatsheet,docs/career/38-cert-ccao-f-cheatsheet.md,8,Certification cheatsheet -> career track per doctrine (reviewer-audit fix).
docs/coding-tools/claude/ccao-f-exam-prep-complete.md,TRACK,cert-ccao-f-exam-prep,docs/career/39-cert-ccao-f-exam-prep.md,8,Certification exam prep -> career track per doctrine (reviewer-audit fix).
docs/coding-tools/claude/ccar-p-cheatsheet.md,TRACK,cert-ccar-p-cheatsheet,docs/career/40-cert-ccar-p-cheatsheet.md,8,Certification cheatsheet -> career track per doctrine (reviewer-audit fix).
docs/coding-tools/claude/ccar-p-exam-prep-complete.md,TRACK,cert-ccar-p-exam-prep,docs/career/41-cert-ccar-p-exam-prep.md,8,Certification exam prep -> career track per doctrine (reviewer-audit fix).
docs/coding-tools/claude/ccdv-f-cheatsheet.md,TRACK,cert-ccdv-f-cheatsheet,docs/career/42-cert-ccdv-f-cheatsheet.md,8,Certification cheatsheet -> career track per doctrine (reviewer-audit fix).
docs/coding-tools/claude/ccdv-f-exam-prep-complete.md,TRACK,cert-ccdv-f-exam-prep,docs/career/43-cert-ccdv-f-exam-prep.md,8,Certification exam prep -> career track per doctrine (reviewer-audit fix).
docs/coding-tools/claude/claude-agent-sdk-production.md,MIGRATE,claude-agent-sdk-production,docs/agentic-systems/coding-tools/30-claude-agent-sdk-production.md,3,Section default (coding-tools -> agentic-systems).
docs/coding-tools/claude/claude-api-mastery.md,MIGRATE,claude-api-mastery,docs/agentic-systems/coding-tools/31-claude-api-mastery.md,3,Section default (coding-tools -> agentic-systems).
docs/coding-tools/claude/claude-best-practices.md,MIGRATE,claude-best-practices,docs/agentic-systems/coding-tools/32-claude-best-practices.md,3,Section default (coding-tools -> agentic-systems).
docs/coding-tools/claude/claude-code-complete-2026.md,MIGRATE,claude-code-complete-2026,docs/agentic-systems/coding-tools/33-claude-code-complete-2026.md,3,Section default (coding-tools -> agentic-systems).
docs/coding-tools/claude/claude-enterprise-2026.md,MIGRATE,claude-enterprise-2026,docs/agentic-systems/coding-tools/34-claude-enterprise-2026.md,3,Section default (coding-tools -> agentic-systems).
docs/coding-tools/claude/claude-models-2026.md,MIGRATE,claude-models-2026,docs/agentic-systems/coding-tools/35-claude-models-2026.md,3,Section default (coding-tools -> agentic-systems).
docs/coding-tools/claude/claude_agents_best_practices_v2.md,MIGRATE,claude-agents-best-practices,docs/agentic-systems/coding-tools/36-claude-agents-best-practices.md,3,Section default (coding-tools -> agentic-systems).
docs/coding-tools/claude/claude_routines_guide.md,MIGRATE,claude-routines-guide,docs/agentic-systems/coding-tools/37-claude-routines-guide.md,3,Section default (coding-tools -> agentic-systems).
docs/coding-tools/claude/constitutional-ai-safety-2026.md,MIGRATE,constitutional-ai-safety-2026,docs/agentic-systems/coding-tools/38-constitutional-ai-safety-2026.md,3,Section default (coding-tools -> agentic-systems).
docs/coding-tools/claude/index.md,MERGE-INTO,hub-agentic-systems,docs/agentic-systems/index.md,3,Nested section/subfolder index; one hub per domain rule — folds into hub-agentic-systems.
docs/coding-tools/claude/mcp-deep-guide.md,MIGRATE,mcp-deep-guide,docs/agentic-systems/coding-tools/39-mcp-deep-guide.md,3,Section default (coding-tools -> agentic-systems).
docs/coding-tools/claude/prompt-engineering-claude-4.md,MIGRATE,prompt-engineering-claude-4,docs/agentic-systems/coding-tools/40-prompt-engineering-claude-4.md,3,Section default (coding-tools -> agentic-systems).
docs/coding-tools/claude/ruflo-agentic-ai-guide.md,MIGRATE,ruflo-agentic-ai-guide,docs/agentic-systems/coding-tools/41-ruflo-agentic-ai-guide.md,3,Section default (coding-tools -> agentic-systems).
docs/coding-tools/code-review/PR_Review_Handbook_Vol1_Traditional_Review.md,MIGRATE,pr-review-handbook-vol1-traditional-review,docs/agentic-systems/coding-tools/42-pr-review-handbook-vol1-traditional-review.md,3,Section default (coding-tools -> agentic-systems).
docs/coding-tools/code-review/PR_Review_Handbook_Vol2_Deep_Domain_Reviews.md,MIGRATE,pr-review-handbook-vol2-deep-domain-reviews,docs/agentic-systems/coding-tools/43-pr-review-handbook-vol2-deep-domain-reviews.md,3,Section default (coding-tools -> agentic-systems).
docs/coding-tools/code-review/PR_Review_Handbook_Vol3_AI_Assisted_Review.md,MIGRATE,pr-review-handbook-vol3-ai-assisted-review,docs/agentic-systems/coding-tools/44-pr-review-handbook-vol3-ai-assisted-review.md,3,Section default (coding-tools -> agentic-systems).
docs/coding-tools/code-review/PR_Review_Handbook_Vol4_Agentic_Review_Architecture.md,MIGRATE,pr-review-handbook-vol4-agentic-review-architecture,docs/agentic-systems/coding-tools/45-pr-review-handbook-vol4-agentic-review-architecture.md,3,Section default (coding-tools -> agentic-systems).
docs/coding-tools/code-review/PR_Review_Handbook_Vol5_Case_Studies_Maturity_Model.md,MIGRATE,pr-review-handbook-vol5-case-studies-maturity-model,docs/agentic-systems/coding-tools/46-pr-review-handbook-vol5-case-studies-maturity-model.md,3,Section default (coding-tools -> agentic-systems).
docs/coding-tools/code-review/index.md,MERGE-INTO,hub-agentic-systems,docs/agentic-systems/index.md,3,Nested section/subfolder index; one hub per domain rule — folds into hub-agentic-systems.
docs/coding-tools/github-copilot/GitHub_Copilot_Enterprise_Research_2026.md,MIGRATE,github-copilot-enterprise-research-2026,docs/agentic-systems/coding-tools/47-github-copilot-enterprise-research-2026.md,3,Section default (coding-tools -> agentic-systems).
docs/coding-tools/github-copilot/Part01_Git_Internals.md,MIGRATE,git-internals,docs/agentic-systems/coding-tools/48-git-internals.md,3,Section default (coding-tools -> agentic-systems).
docs/coding-tools/github-copilot/Part01_Vision_Copilot_Architecture_RepoIntelligence.md,MIGRATE,vision-copilot-architecture-repointelligence,docs/agentic-systems/coding-tools/49-vision-copilot-architecture-repointelligence.md,3,Section default (coding-tools -> agentic-systems).
docs/coding-tools/github-copilot/Part02_GitHub_Architecture_and_Actions.md,MIGRATE,github-architecture-and-actions,docs/agentic-systems/coding-tools/50-github-architecture-and-actions.md,3,Section default (coding-tools -> agentic-systems).
docs/coding-tools/github-copilot/Part04_RAG_Agents_Models_Platform.md,MIGRATE,rag-agents-models-platform,docs/agentic-systems/coding-tools/51-rag-agents-models-platform.md,3,Section default (coding-tools -> agentic-systems).
docs/coding-tools/github-copilot/Part04_Runners_and_Runtime.md,MIGRATE,runners-and-runtime,docs/agentic-systems/coding-tools/52-runners-and-runtime.md,3,Section default (coding-tools -> agentic-systems).
docs/coding-tools/github-copilot/Part06_Marketplace_Pages_Packages.md,MIGRATE,marketplace-pages-packages,docs/agentic-systems/coding-tools/53-marketplace-pages-packages.md,3,Section default (coding-tools -> agentic-systems).
docs/coding-tools/github-copilot/Part07_Prompts_Evaluation_Spark_Infrastructure.md,MIGRATE,prompts-evaluation-spark-infrastructure,docs/agentic-systems/coding-tools/54-prompts-evaluation-spark-infrastructure.md,3,Section default (coding-tools -> agentic-systems).
docs/coding-tools/github-copilot/Part11_CICD_Secrets_Security.md,MIGRATE,cicd-secrets-security,docs/agentic-systems/coding-tools/01-cicd-secrets-security.md,3,Section default (coding-tools -> agentic-systems).
docs/coding-tools/github-copilot/Part11_Security_Governance.md,MIGRATE,security-governance,docs/agentic-systems/coding-tools/02-security-governance.md,3,Section default (coding-tools -> agentic-systems).
docs/coding-tools/github-copilot/Part13_CICD_Observability_Scaling.md,MIGRATE,cicd-observability-scaling,docs/agentic-systems/coding-tools/03-cicd-observability-scaling.md,3,Section default (coding-tools -> agentic-systems).
docs/coding-tools/github-copilot/Part14_Enterprise_APIs_Apps_CLI.md,MIGRATE,enterprise-apis-apps-cli,docs/agentic-systems/coding-tools/04-enterprise-apis-apps-cli.md,3,Section default (coding-tools -> agentic-systems).
docs/coding-tools/github-copilot/Part16_Artifacts_ReferenceArchitecture.md,MIGRATE,artifacts-referencearchitecture,docs/agentic-systems/coding-tools/05-artifacts-referencearchitecture.md,3,Section default (coding-tools -> agentic-systems).
docs/coding-tools/github-copilot/Part18_Ecosystem_Patterns_Labs.md,MIGRATE,ecosystem-patterns-labs,docs/agentic-systems/coding-tools/06-ecosystem-patterns-labs.md,3,Section default (coding-tools -> agentic-systems).
docs/coding-tools/github-copilot/copilot-enterprise-playbook.md,MIGRATE,copilot-enterprise-playbook,docs/agentic-systems/coding-tools/07-copilot-enterprise-playbook.md,3,Section default (coding-tools -> agentic-systems).
docs/coding-tools/github-copilot/copilotkit-mcp-apps-vs-tools.md,MIGRATE,copilotkit-mcp-apps-vs-tools,docs/agentic-systems/coding-tools/08-copilotkit-mcp-apps-vs-tools.md,3,Section default (coding-tools -> agentic-systems).
docs/coding-tools/github-copilot/git-github-platform-engineering-handbook.md,MIGRATE,git-github-platform-engineering-handbook,docs/agentic-systems/coding-tools/09-git-github-platform-engineering-handbook.md,3,Section default (coding-tools -> agentic-systems).
docs/coding-tools/github-copilot/github-copilot-big-wins-research.md,MIGRATE,github-copilot-big-wins-research,docs/agentic-systems/coding-tools/10-github-copilot-big-wins-research.md,3,Section default (coding-tools -> agentic-systems).
docs/coding-tools/github-copilot/github-copilot-zero-to-hero.md,MIGRATE,github-copilot-zero-to-hero,docs/agentic-systems/coding-tools/11-github-copilot-zero-to-hero.md,3,Section default (coding-tools -> agentic-systems).
docs/coding-tools/github-copilot/index.md,MERGE-INTO,hub-agentic-systems,docs/agentic-systems/index.md,3,Nested section/subfolder index; one hub per domain rule — folds into hub-agentic-systems.
docs/coding-tools/github-copilot/microsoft-apm-guide.md,MIGRATE,microsoft-apm-guide,docs/agentic-systems/coding-tools/12-microsoft-apm-guide.md,3,Section default (coding-tools -> agentic-systems).
docs/coding-tools/index.md,MERGE-INTO,hub-agentic-systems,docs/agentic-systems/index.md,3,Nested section/subfolder index; one hub per domain rule — folds into hub-agentic-systems.
docs/cybersec-architect/01-evolution.md,MIGRATE,evolution,docs/trust/cybersec-architect/01-evolution.md,7,Part of the 8-way security/governance sprawl (cybersec-architect); consolidates into docs/trust as its own sub-topic (deep-mind + policy volumes are the flagship spokes).
docs/cybersec-architect/02-enterprise-security-architecture.md,MIGRATE,enterprise-security-architecture,docs/trust/cybersec-architect/02-enterprise-security-architecture.md,7,Part of the 8-way security/governance sprawl (cybersec-architect); consolidates into docs/trust as its own sub-topic (deep-mind + policy volumes are the flagship spokes).
docs/cybersec-architect/03-security-domains.md,MIGRATE,security-domains,docs/trust/cybersec-architect/03-security-domains.md,7,Part of the 8-way security/governance sprawl (cybersec-architect); consolidates into docs/trust as its own sub-topic (deep-mind + policy volumes are the flagship spokes).
docs/cybersec-architect/04-ai-security.md,MIGRATE,ai-security,docs/trust/cybersec-architect/04-ai-security.md,7,Part of the 8-way security/governance sprawl (cybersec-architect); consolidates into docs/trust as its own sub-topic (deep-mind + policy volumes are the flagship spokes).
docs/cybersec-architect/05-agentic-ai-security.md,MIGRATE,agentic-ai-security,docs/trust/cybersec-architect/05-agentic-ai-security.md,7,Part of the 8-way security/governance sprawl (cybersec-architect); consolidates into docs/trust as its own sub-topic (deep-mind + policy volumes are the flagship spokes).
docs/cybersec-architect/06-identity-architecture.md,MIGRATE,identity-architecture,docs/trust/cybersec-architect/06-identity-architecture.md,7,Part of the 8-way security/governance sprawl (cybersec-architect); consolidates into docs/trust as its own sub-topic (deep-mind + policy volumes are the flagship spokes).
docs/cybersec-architect/07-cloud-security.md,MIGRATE,cloud-security,docs/trust/cybersec-architect/07-cloud-security.md,7,Part of the 8-way security/governance sprawl (cybersec-architect); consolidates into docs/trust as its own sub-topic (deep-mind + policy volumes are the flagship spokes).
docs/cybersec-architect/08-ai-governance.md,MIGRATE,ai-governance,docs/trust/cybersec-architect/08-ai-governance.md,7,Part of the 8-way security/governance sprawl (cybersec-architect); consolidates into docs/trust as its own sub-topic (deep-mind + policy volumes are the flagship spokes).
docs/cybersec-architect/09-security-operations.md,MIGRATE,security-operations,docs/trust/cybersec-architect/09-security-operations.md,7,Part of the 8-way security/governance sprawl (cybersec-architect); consolidates into docs/trust as its own sub-topic (deep-mind + policy volumes are the flagship spokes).
docs/cybersec-architect/10-technology-investment.md,MIGRATE,technology-investment,docs/trust/cybersec-architect/10-technology-investment.md,7,Part of the 8-way security/governance sprawl (cybersec-architect); consolidates into docs/trust as its own sub-topic (deep-mind + policy volumes are the flagship spokes).
docs/cybersec-architect/11-ai-investment.md,MIGRATE,ai-investment,docs/trust/cybersec-architect/11-ai-investment.md,7,Part of the 8-way security/governance sprawl (cybersec-architect); consolidates into docs/trust as its own sub-topic (deep-mind + policy volumes are the flagship spokes).
docs/cybersec-architect/12-ea-deliverables.md,MIGRATE,ea-deliverables,docs/trust/cybersec-architect/12-ea-deliverables.md,7,Part of the 8-way security/governance sprawl (cybersec-architect); consolidates into docs/trust as its own sub-topic (deep-mind + policy volumes are the flagship spokes).
docs/cybersec-architect/13-security-patterns.md,MIGRATE,security-patterns,docs/trust/cybersec-architect/13-security-patterns.md,7,Part of the 8-way security/governance sprawl (cybersec-architect); consolidates into docs/trust as its own sub-topic (deep-mind + policy volumes are the flagship spokes).
docs/cybersec-architect/14-case-studies.md,MIGRATE,case-studies,docs/trust/cybersec-architect/14-case-studies.md,7,Part of the 8-way security/governance sprawl (cybersec-architect); consolidates into docs/trust as its own sub-topic (deep-mind + policy volumes are the flagship spokes).
docs/cybersec-architect/15-emerging-trends.md,MIGRATE,emerging-trends,docs/trust/cybersec-architect/15-emerging-trends.md,7,Part of the 8-way security/governance sprawl (cybersec-architect); consolidates into docs/trust as its own sub-topic (deep-mind + policy volumes are the flagship spokes).
docs/cybersec-architect/index.md,MERGE-INTO,hub-trust,docs/trust/index.md,7,Redundant nested section index; one hub per domain rule — folds into hub-trust.
docs/cybersec-architect/usecase-transcript.md,TRACK,transcript-cybersec-architect-usecase,docs/assets/05-transcript-cybersec-architect-usecase.md,8,"Transcript -> assets track per doctrine, even though it lives in a cohesive numbered series (reviewer-audit fix)."
docs/databricks-agentic-ai/index.md,MERGE-INTO,hub-platforms,docs/platforms/index.md,6,Nested section/subfolder index; one hub per domain rule — folds into hub-platforms.
docs/databricks-agentic-ai/part-01-platform-vision-agentic-services.md,MIGRATE,part-01-platform-vision-agentic-services,docs/platforms/43-part-01-platform-vision-agentic-services.md,6,Section default (databricks-agentic-ai -> platforms).
docs/databricks-agentic-ai/part-02-agent-lake-architecture.md,MIGRATE,part-02-agent-lake-architecture,docs/platforms/44-part-02-agent-lake-architecture.md,6,Section default (databricks-agentic-ai -> platforms).
docs/databricks-agentic-ai/part-03-mosaic-ai-mlflow.md,MIGRATE,part-03-mosaic-ai-mlflow,docs/platforms/45-part-03-mosaic-ai-mlflow.md,6,Section default (databricks-agentic-ai -> platforms).
docs/databricks-agentic-ai/part-04-unity-catalog-governance.md,MIGRATE,part-04-unity-catalog-governance,docs/platforms/46-part-04-unity-catalog-governance.md,6,Section default (databricks-agentic-ai -> platforms).
docs/databricks-agentic-ai/part-05-lakehouse-data-infrastructure.md,MIGRATE,databricks-lakehouse-data-infrastructure,docs/data-knowledge/01-databricks-lakehouse-data-infrastructure.md,5,"Lakehouse architecture -> data-knowledge (explicit taxonomy scope), split out of the vendor-platform series."
docs/databricks-agentic-ai/part-06-iceberg-open-formats.md,MIGRATE,databricks-iceberg-open-formats,docs/data-knowledge/02-databricks-iceberg-open-formats.md,5,"Open table formats/lakehouse interoperability -> data-knowledge, split out of the vendor-platform series."
docs/databricks-agentic-ai/part-07-security-architecture.md,MIGRATE,part-07-security-architecture,docs/platforms/47-part-07-security-architecture.md,6,Section default (databricks-agentic-ai -> platforms).
docs/databricks-agentic-ai/part-08-observability-finops-integration.md,MIGRATE,part-08-observability-finops-integration,docs/platforms/48-part-08-observability-finops-integration.md,6,Section default (databricks-agentic-ai -> platforms).
docs/databricks-agentic-ai/part-09-competitive-reference-architectures.md,MIGRATE,part-09-competitive-reference-architectures,docs/platforms/49-part-09-competitive-reference-architectures.md,6,Section default (databricks-agentic-ai -> platforms).
docs/databricks-agentic-ai/part-12-finops.md,MERGE-INTO,finops-ai-soc,docs/operations/02-finops-ai-soc.md,8,"Duplicates ai-soc-playbooks/part-12-finops.md (same AI-SOC-FinOps subject, both titled 'AI SOC FinOps'); folds into that survivor."
docs/databricks-agentic-ai/part-13-vendor-landscape.md,MIGRATE,databricks-vendor-landscape,docs/platforms/50-databricks-vendor-landscape.md,6,"Disambiguated from ai-soc-playbooks' identically-named part-13 (same filename, unrelated vendor landscape)."
docs/ea-masterclass/deliverables/business-case-templates.md,TRACK,template-business-case,docs/assets/19-template-business-case.md,8,Template deliverable -> assets track per doctrine.
docs/ea-masterclass/deliverables/consulting-templates.md,TRACK,template-consulting-and-practice,docs/assets/20-template-consulting-and-practice.md,8,Template deliverable -> assets track per doctrine.
docs/ea-masterclass/deliverables/governance-templates.md,TRACK,template-governance-and-decision,docs/assets/21-template-governance-and-decision.md,8,Template deliverable -> assets track per doctrine.
docs/ea-masterclass/deliverables/index.md,MERGE-INTO,hub-assets,docs/assets/index.md,8,Redundant nested deliverables index; one hub per domain rule — folds into hub-assets.
docs/ea-masterclass/index.md,MERGE-INTO,hub-learning-paths,docs/learning-paths/index.md,8,EA masterclass series overview; one hub per domain rule — folds into hub-learning-paths.
docs/ea-masterclass/module-01-ea-foundations/index.md,MIGRATE,ea-masterclass-01-foundations,docs/learning-paths/01-ea-masterclass-01-foundations.md,8,EA masterclass module -> learning-paths domain per taxonomy (persona journeys + EA masterclass modules).
docs/ea-masterclass/module-02-business-acumen/index.md,MIGRATE,ea-masterclass-02-business-acumen,docs/learning-paths/02-ea-masterclass-02-business-acumen.md,8,EA masterclass module -> learning-paths domain per taxonomy (persona journeys + EA masterclass modules).
docs/ea-masterclass/module-03-proposal-lifecycle/index.md,MIGRATE,ea-masterclass-03-proposal-lifecycle,docs/learning-paths/03-ea-masterclass-03-proposal-lifecycle.md,8,EA masterclass module -> learning-paths domain per taxonomy (persona journeys + EA masterclass modules).
docs/ea-masterclass/module-04-technology-investment/index.md,MIGRATE,ea-masterclass-04-technology-investment,docs/learning-paths/04-ea-masterclass-04-technology-investment.md,8,EA masterclass module -> learning-paths domain per taxonomy (persona journeys + EA masterclass modules).
docs/ea-masterclass/module-05-ai-investment-strategy/index.md,MIGRATE,ea-masterclass-05-ai-investment-strategy,docs/learning-paths/05-ea-masterclass-05-ai-investment-strategy.md,8,EA masterclass module -> learning-paths domain per taxonomy (persona journeys + EA masterclass modules).
docs/ea-masterclass/module-06-business-case/index.md,MIGRATE,ea-masterclass-06-business-case,docs/learning-paths/06-ea-masterclass-06-business-case.md,8,EA masterclass module -> learning-paths domain per taxonomy (persona journeys + EA masterclass modules).
docs/ea-masterclass/module-07-proposal-writing/index.md,MIGRATE,ea-masterclass-07-proposal-writing,docs/learning-paths/07-ea-masterclass-07-proposal-writing.md,8,EA masterclass module -> learning-paths domain per taxonomy (persona journeys + EA masterclass modules).
docs/ea-masterclass/module-08-financial-literacy/index.md,MIGRATE,ea-masterclass-08-financial-literacy,docs/learning-paths/08-ea-masterclass-08-financial-literacy.md,8,EA masterclass module -> learning-paths domain per taxonomy (persona journeys + EA masterclass modules).
docs/ea-masterclass/module-09-enterprise-ai-architecture/index.md,MIGRATE,ea-masterclass-09-enterprise-ai-architecture,docs/learning-paths/09-ea-masterclass-09-enterprise-ai-architecture.md,8,EA masterclass module -> learning-paths domain per taxonomy (persona journeys + EA masterclass modules).
docs/ea-masterclass/module-10-governance/index.md,MIGRATE,ea-masterclass-10-governance,docs/learning-paths/10-ea-masterclass-10-governance.md,8,EA masterclass module -> learning-paths domain per taxonomy (persona journeys + EA masterclass modules).
docs/ea-masterclass/module-11-executive-communication/index.md,MIGRATE,ea-masterclass-11-executive-communication,docs/learning-paths/11-ea-masterclass-11-executive-communication.md,8,EA masterclass module -> learning-paths domain per taxonomy (persona journeys + EA masterclass modules).
docs/ea-masterclass/module-12-ai-consulting/index.md,MIGRATE,ea-masterclass-12-ai-consulting,docs/learning-paths/12-ea-masterclass-12-ai-consulting.md,8,EA masterclass module -> learning-paths domain per taxonomy (persona journeys + EA masterclass modules).
docs/ea-masterclass/module-13-case-studies/energy-utilities.md,TRACK,case-study-ea-energy-utilities,docs/assets/08-case-study-ea-energy-utilities.md,8,Case study -> assets track per doctrine.
docs/ea-masterclass/module-13-case-studies/global-bank.md,TRACK,case-study-ea-global-bank,docs/assets/09-case-study-ea-global-bank.md,8,Case study -> assets track per doctrine.
docs/ea-masterclass/module-13-case-studies/government.md,TRACK,case-study-ea-government,docs/assets/10-case-study-ea-government.md,8,Case study -> assets track per doctrine.
docs/ea-masterclass/module-13-case-studies/healthcare.md,TRACK,case-study-ea-healthcare,docs/assets/11-case-study-ea-healthcare.md,8,Case study -> assets track per doctrine.
docs/ea-masterclass/module-13-case-studies/index.md,MERGE-INTO,hub-assets,docs/assets/index.md,8,Redundant nested case-studies index; one hub per domain rule — folds into hub-assets.
docs/ea-masterclass/module-13-case-studies/manufacturing.md,TRACK,case-study-ea-manufacturing,docs/assets/12-case-study-ea-manufacturing.md,8,Case study -> assets track per doctrine.
docs/ea-masterclass/module-13-case-studies/retail.md,TRACK,case-study-ea-retail,docs/assets/13-case-study-ea-retail.md,8,Case study -> assets track per doctrine.
docs/ea-masterclass/module-13-case-studies/telecom.md,TRACK,case-study-ea-telecom,docs/assets/14-case-study-ea-telecom.md,8,Case study -> assets track per doctrine.
docs/ea-masterclass/module-14-mentoring/index.md,MIGRATE,ea-masterclass-14-mentoring,docs/learning-paths/13-ea-masterclass-14-mentoring.md,8,EA masterclass module -> learning-paths domain per taxonomy (persona journeys + EA masterclass modules).
docs/ea-masterclass/module-15-distinguished-architect/architecture-leadership.md,MIGRATE,ea-masterclass-15-architecture-leadership,docs/learning-paths/15-ea-masterclass-15-architecture-leadership.md,8,EA masterclass module 15 (Distinguished Architect) sub-guide.
docs/ea-masterclass/module-15-distinguished-architect/executive-presence.md,MIGRATE,ea-masterclass-15-executive-presence,docs/learning-paths/16-ea-masterclass-15-executive-presence.md,8,EA masterclass module 15 (Distinguished Architect) sub-guide.
docs/ea-masterclass/module-15-distinguished-architect/fortune100-modernisation.md,MIGRATE,ea-masterclass-15-fortune100-modernisation,docs/learning-paths/17-ea-masterclass-15-fortune100-modernisation.md,8,EA masterclass module 15 (Distinguished Architect) sub-guide.
docs/ea-masterclass/module-15-distinguished-architect/index.md,MIGRATE,ea-masterclass-15-distinguished-architect,docs/learning-paths/14-ea-masterclass-15-distinguished-architect.md,8,EA masterclass module 15 overview.
docs/ea-masterclass/module-15-distinguished-architect/strategic-thinking.md,MIGRATE,ea-masterclass-15-strategic-thinking,docs/learning-paths/18-ea-masterclass-15-strategic-thinking.md,8,EA masterclass module 15 (Distinguished Architect) sub-guide.
docs/ea-masterclass/transcripts/bank-discovery-workshop.md,TRACK,transcript-bank-discovery-workshop,docs/assets/15-transcript-bank-discovery-workshop.md,8,Transcript -> assets track per doctrine.
docs/ea-masterclass/transcripts/healthcare-executive-presentation.md,TRACK,transcript-healthcare-executive-presentation,docs/assets/16-transcript-healthcare-executive-presentation.md,8,Transcript -> assets track per doctrine.
docs/ea-masterclass/transcripts/index.md,MERGE-INTO,hub-assets,docs/assets/index.md,8,Redundant nested transcripts index; one hub per domain rule — folds into hub-assets.
docs/ea-masterclass/transcripts/manufacturing-arb-review.md,TRACK,transcript-manufacturing-arb-review,docs/assets/17-transcript-manufacturing-arb-review.md,8,Transcript -> assets track per doctrine.
docs/ea-masterclass/transcripts/retail-proposal-negotiation.md,TRACK,transcript-retail-proposal-negotiation,docs/assets/18-transcript-retail-proposal-negotiation.md,8,Transcript -> assets track per doctrine.
docs/enterprise-ai-report/index.md,MERGE-INTO,hub-strategy,docs/strategy/index.md,1,Nested section/subfolder index; one hub per domain rule — folds into hub-strategy.
docs/enterprise-ai-report/part-01-evolution.md,SPLIT,part-01-evolution,docs/strategy/11-part-01-evolution.md,1,"Section default (enterprise-ai-report -> strategy). [SPLIT part 1/2: over 2000-word limit, split per migration/split-plans/split-part-01-evolution.md]"
docs/enterprise-ai-report/part-02-operating-models.md,SPLIT,part-02-operating-models,docs/strategy/12-part-02-operating-models.md,1,"Section default (enterprise-ai-report -> strategy). [SPLIT part 1/3: over 2000-word limit, split per migration/split-plans/split-part-02-operating-models.md]"
docs/enterprise-ai-report/part-03-ai-delivery-lifecycle.md,MIGRATE,part-03-ai-delivery-lifecycle,docs/strategy/13-part-03-ai-delivery-lifecycle.md,1,Section default (enterprise-ai-report -> strategy).
docs/enterprise-ai-report/part-04-genai-delivery.md,MIGRATE,part-04-genai-delivery,docs/strategy/14-part-04-genai-delivery.md,1,Section default (enterprise-ai-report -> strategy).
docs/enterprise-ai-report/part-05-agentic-lifecycle.md,MIGRATE,part-05-agentic-lifecycle,docs/strategy/15-part-05-agentic-lifecycle.md,1,Section default (enterprise-ai-report -> strategy).
docs/enterprise-ai-report/part-06-governance.md,MIGRATE,part-06-governance,docs/strategy/16-part-06-governance.md,1,Section default (enterprise-ai-report -> strategy).
docs/enterprise-ai-report/part-07-platform-operating-model.md,MIGRATE,part-07-platform-operating-model,docs/strategy/17-part-07-platform-operating-model.md,1,Section default (enterprise-ai-report -> strategy).
docs/enterprise-ai-report/part-08-organizational-roles.md,SPLIT,part-08-organizational-roles,docs/strategy/18-part-08-organizational-roles.md,1,"Section default (enterprise-ai-report -> strategy). [SPLIT part 1/4: over 2000-word limit, split per migration/split-plans/split-part-08-organizational-roles.md]"
docs/enterprise-ai-report/part-09-operating-processes.md,SPLIT,part-09-operating-processes,docs/strategy/19-part-09-operating-processes.md,1,"Section default (enterprise-ai-report -> strategy). [SPLIT part 1/3: over 2000-word limit, split per migration/split-plans/split-part-09-operating-processes.md]"
docs/enterprise-ai-report/part-10-service-catalog.md,SPLIT,part-10-service-catalog,docs/strategy/20-part-10-service-catalog.md,1,"Section default (enterprise-ai-report -> strategy). [SPLIT part 1/3: over 2000-word limit, split per migration/split-plans/split-part-10-service-catalog.md]"
docs/enterprise-ai-report/part-11-devsecops.md,MIGRATE,part-11-devsecops,docs/strategy/21-part-11-devsecops.md,1,Section default (enterprise-ai-report -> strategy).
docs/enterprise-ai-report/part-12-responsible-ai.md,MIGRATE,part-12-responsible-ai,docs/strategy/22-part-12-responsible-ai.md,1,Section default (enterprise-ai-report -> strategy).
docs/enterprise-ai-report/part-13-security-model.md,MIGRATE,part-13-security-model,docs/strategy/23-part-13-security-model.md,1,Section default (enterprise-ai-report -> strategy).
docs/enterprise-ai-report/part-14-observability.md,MIGRATE,part-14-observability,docs/strategy/24-part-14-observability.md,1,Section default (enterprise-ai-report -> strategy).
docs/enterprise-ai-report/part-15-enterprise-architecture.md,MIGRATE,part-15-enterprise-architecture,docs/strategy/25-part-15-enterprise-architecture.md,1,Section default (enterprise-ai-report -> strategy).
docs/enterprise-ai-report/part-16-financial-model.md,MIGRATE,part-16-financial-model,docs/strategy/26-part-16-financial-model.md,1,Section default (enterprise-ai-report -> strategy).
docs/enterprise-ai-report/part-17-transformation-roadmap.md,MIGRATE,part-17-transformation-roadmap,docs/strategy/27-part-17-transformation-roadmap.md,1,Section default (enterprise-ai-report -> strategy).
docs/enterprise-ai-report/part-18-case-studies.md,MIGRATE,part-18-case-studies,docs/strategy/28-part-18-case-studies.md,1,Section default (enterprise-ai-report -> strategy).
docs/enterprise-ai-report/part-19-deliverables.md,MIGRATE,part-19-deliverables,docs/strategy/29-part-19-deliverables.md,1,Section default (enterprise-ai-report -> strategy).
docs/enterprise-ai-report/part-20-greenfield-vs-brownfield.md,MIGRATE,part-20-greenfield-vs-brownfield,docs/strategy/30-part-20-greenfield-vs-brownfield.md,1,Section default (enterprise-ai-report -> strategy).
docs/enterprise-ai-report/part-21-agentic-process-blueprint.md,SPLIT,part-21-agentic-process-blueprint,docs/strategy/31-part-21-agentic-process-blueprint.md,1,"Section default (enterprise-ai-report -> strategy). [SPLIT part 1/2: over 2000-word limit, split per migration/split-plans/split-part-21-agentic-process-blueprint.md]"
docs/enterprise-architecture/ai-architecture/AI-FinOps-Cost-Management-Guide.md,MIGRATE,finops-cost-management-overview,docs/operations/03-finops-cost-management-overview.md,8,FinOps unifies under operations; umbrella cost-management/token-economics guide.
docs/enterprise-architecture/ai-architecture/AI-Value-Stream-Mapping.md,MIGRATE,ai-value-stream-mapping,docs/architecture/36-ai-value-stream-mapping.md,2,Section default (enterprise-architecture -> architecture).
docs/enterprise-architecture/ai-architecture/ART-Framework-Agentic-AI-Execution.md,MIGRATE,art-framework-agentic-ai-execution,docs/architecture/37-art-framework-agentic-ai-execution.md,2,Section default (enterprise-architecture -> architecture).
docs/enterprise-architecture/ai-architecture/AgentOps-Production-Guide.md,MIGRATE,agentops-production-guide,docs/architecture/38-agentops-production-guide.md,2,Section default (enterprise-architecture -> architecture).
docs/enterprise-architecture/ai-architecture/a2a-enterprise-security-governance-guide.md,MIGRATE,a2a-security-governance,docs/trust/02-a2a-security-governance.md,7,"Standalone guide whose primary subject is A2A security/governance -> trust, not part of a numbered series."
docs/enterprise-architecture/ai-architecture/agent-as-tool-composition.md,MIGRATE,agent-as-tool-composition,docs/architecture/39-agent-as-tool-composition.md,2,Section default (enterprise-architecture -> architecture).
docs/enterprise-architecture/ai-architecture/agent-communication-identity-gateway.md,MIGRATE,agent-communication-identity-gateway,docs/trust/03-agent-communication-identity-gateway.md,7,Primary subject is identity & authorization -> trust (identity-authz).
docs/enterprise-architecture/ai-architecture/agent-interoperability-orchestration.md,MIGRATE,agent-interoperability-orchestration,docs/architecture/40-agent-interoperability-orchestration.md,2,Section default (enterprise-architecture -> architecture).
docs/enterprise-architecture/ai-architecture/agent-memory-planning-architecture.md,MIGRATE,agent-memory-planning-architecture,docs/architecture/41-agent-memory-planning-architecture.md,2,Section default (enterprise-architecture -> architecture).
docs/enterprise-architecture/ai-architecture/agent-reliability-engineering.md,MIGRATE,agent-reliability-engineering,docs/architecture/42-agent-reliability-engineering.md,2,Section default (enterprise-architecture -> architecture).
docs/enterprise-architecture/ai-architecture/agentic-ai-reliability-observability-governance.md,MIGRATE,agentic-ai-reliability-observability-governance,docs/architecture/43-agentic-ai-reliability-observability-governance.md,2,Section default (enterprise-architecture -> architecture).
docs/enterprise-architecture/ai-architecture/agentic-ai-security-guardrails.md,MIGRATE,agentic-ai-security-guardrails,docs/trust/04-agentic-ai-security-guardrails.md,7,Standalone guide whose primary subject is security guardrails -> trust.
docs/enterprise-architecture/ai-architecture/agentic-ai-security-identity.md,MIGRATE,agentic-ai-security-identity,docs/trust/05-agentic-ai-security-identity.md,7,Standalone guide whose primary subject is agent identity/security -> trust.
docs/enterprise-architecture/ai-architecture/ai-finops-budget-governance.md,MIGRATE,finops-budget-governance,docs/operations/04-finops-budget-governance.md,8,"FinOps unifies under operations per doctrine; distinct sub-topic (budget governance, quotas & cost guardrails), not a duplicate of the other FinOps pages."
docs/enterprise-architecture/ai-architecture/ai-finops-capacity-forecasting.md,MIGRATE,finops-capacity-forecasting,docs/operations/05-finops-capacity-forecasting.md,8,"FinOps unifies under operations per doctrine; distinct sub-topic (capacity planning & cost forecasting), not a duplicate of the other FinOps pages."
docs/enterprise-architecture/ai-architecture/ai-finops-chargeback-attribution.md,MIGRATE,finops-chargeback-attribution,docs/operations/06-finops-chargeback-attribution.md,8,"FinOps unifies under operations per doctrine; distinct sub-topic (cost attribution, chargeback & showback), not a duplicate of the other FinOps pages."
docs/enterprise-architecture/ai-architecture/ai-finops-infrastructure-optimization.md,MIGRATE,finops-infrastructure-optimization,docs/operations/07-finops-infrastructure-optimization.md,8,"FinOps unifies under operations per doctrine; distinct sub-topic (infrastructure cost optimization (GPU/K8s/serverless)), not a duplicate of the other FinOps pages."
docs/enterprise-architecture/ai-architecture/ai-finops-maturity-model.md,MIGRATE,finops-maturity-model,docs/operations/08-finops-maturity-model.md,8,"FinOps unifies under operations per doctrine; distinct sub-topic (FinOps maturity model), not a duplicate of the other FinOps pages."
docs/enterprise-architecture/ai-architecture/ai-finops-multi-agent-cost-propagation.md,MIGRATE,finops-multiagent-cost-propagation,docs/operations/09-finops-multiagent-cost-propagation.md,8,"FinOps unifies under operations per doctrine; distinct sub-topic (multi-agent cost propagation), not a duplicate of the other FinOps pages."
docs/enterprise-architecture/ai-architecture/ai-finops-rag-mcp-a2a-economics.md,MIGRATE,finops-rag-mcp-a2a-economics,docs/operations/10-finops-rag-mcp-a2a-economics.md,8,"FinOps unifies under operations per doctrine; distinct sub-topic (RAG/MCP/A2A economics), not a duplicate of the other FinOps pages."
docs/enterprise-architecture/ai-architecture/ai-finops-unit-economics-kpis.md,MIGRATE,finops-unit-economics-kpis,docs/operations/11-finops-unit-economics-kpis.md,8,"FinOps unifies under operations per doctrine; distinct sub-topic (unit economics, KPI framework & executive dashboard), not a duplicate of the other FinOps pages."
docs/enterprise-architecture/ai-architecture/ai-harness-architecture-orchestration.md,MIGRATE,ai-harness-architecture-orchestration,docs/architecture/44-ai-harness-architecture-orchestration.md,2,Section default (enterprise-architecture -> architecture).
docs/enterprise-architecture/ai-architecture/drift-detection-guide.md,MIGRATE,drift-detection-guide,docs/architecture/45-drift-detection-guide.md,2,Section default (enterprise-architecture -> architecture).
docs/enterprise-architecture/ai-architecture/end-to-end-traceability-guide.md,MIGRATE,end-to-end-traceability-guide,docs/architecture/46-end-to-end-traceability-guide.md,2,Section default (enterprise-architecture -> architecture).
docs/enterprise-architecture/ai-architecture/enterprise-agent-reference-architectures.md,MIGRATE,enterprise-agent-reference-architectures,docs/architecture/47-enterprise-agent-reference-architectures.md,2,Section default (enterprise-architecture -> architecture).
docs/enterprise-architecture/ai-architecture/enterprise-ai-architect-foundations.md,SPLIT,enterprise-ai-architect-foundations,docs/architecture/48-enterprise-ai-architect-foundations.md,2,"Section default (enterprise-architecture -> architecture). [SPLIT part 1/2: over 6000-word reference-architecture ceiling]"
docs/enterprise-architecture/ai-architecture/enterprise-ai-architecture-patterns.md,MIGRATE,enterprise-ai-architecture-patterns,docs/architecture/49-enterprise-ai-architecture-patterns.md,2,Section default (enterprise-architecture -> architecture).
docs/enterprise-architecture/ai-architecture/enterprise-ai-comparative-matrices-2026.md,MIGRATE,enterprise-ai-comparative-matrices-2026,docs/architecture/50-enterprise-ai-comparative-matrices-2026.md,2,Section default (enterprise-architecture -> architecture).
docs/enterprise-architecture/ai-architecture/enterprise-ai-governance-compliance.md,SPLIT,enterprise-ai-governance-compliance,docs/architecture/51-enterprise-ai-governance-compliance.md,2,"Section default (enterprise-architecture -> architecture). [SPLIT part 1/2: over 6000-word reference-architecture ceiling]"
docs/enterprise-architecture/ai-architecture/enterprise-ai-skills-assessment.md,SPLIT,enterprise-ai-skills-assessment,docs/architecture/52-enterprise-ai-skills-assessment.md,2,"Section default (enterprise-architecture -> architecture). [SPLIT part 1/2: over 6000-word reference-architecture ceiling]"
docs/enterprise-architecture/ai-architecture/enterprise-aiops-guide.md,SPLIT,enterprise-aiops-guide,docs/architecture/53-enterprise-aiops-guide.md,2,"Section default (enterprise-architecture -> architecture). [SPLIT part 1/2: over 6000-word reference-architecture ceiling]"
docs/enterprise-architecture/ai-architecture/enterprise-multi-model-ai-strategy.md,SPLIT,enterprise-multi-model-ai-strategy,docs/architecture/54-enterprise-multi-model-ai-strategy.md,2,"Section default (enterprise-architecture -> architecture). [SPLIT part 1/3: over 6000-word reference-architecture ceiling]"
docs/enterprise-architecture/ai-architecture/governance-propagation-chain.md,MIGRATE,governance-propagation-chain,docs/architecture/55-governance-propagation-chain.md,2,Section default (enterprise-architecture -> architecture).
docs/enterprise-architecture/ai-architecture/index.md,MERGE-INTO,hub-architecture,docs/architecture/index.md,2,Nested section/subfolder index; one hub per domain rule — folds into hub-architecture.
docs/enterprise-architecture/ai-architecture/kill-switch-architecture.md,MIGRATE,kill-switch-architecture,docs/architecture/56-kill-switch-architecture.md,2,Section default (enterprise-architecture -> architecture).
docs/enterprise-architecture/ai-architecture/machine-readable-ea.md,MIGRATE,machine-readable-ea,docs/architecture/57-machine-readable-ea.md,2,Section default (enterprise-architecture -> architecture).
docs/enterprise-architecture/ai-architecture/mcp-a2a-protocol-deep-dive.md,MIGRATE,mcp-a2a-protocol-deep-dive,docs/architecture/58-mcp-a2a-protocol-deep-dive.md,2,Section default (enterprise-architecture -> architecture).
docs/enterprise-architecture/ai-architecture/multi-agent-topology-patterns.md,MIGRATE,multi-agent-topology-patterns,docs/architecture/59-multi-agent-topology-patterns.md,2,Section default (enterprise-architecture -> architecture).
docs/enterprise-architecture/architectural-review-board/Volume10_Collaborative_Use_Case_Transcripts.md,TRACK,transcript-arb-collaborative-use-cases,docs/assets/52-transcript-arb-collaborative-use-cases.md,8,Transcript content -> assets track per doctrine.
docs/enterprise-architecture/architectural-review-board/Volume1_Governance_Ecosystem_Operating_Models.md,MIGRATE,volume1-governance-ecosystem-operating-models,docs/architecture/60-volume1-governance-ecosystem-operating-models.md,2,Section default (enterprise-architecture -> architecture).
docs/enterprise-architecture/architectural-review-board/Volume2_Economics_Decision_Science.md,MIGRATE,volume2-economics-decision-science,docs/architecture/61-volume2-economics-decision-science.md,2,Section default (enterprise-architecture -> architecture).
docs/enterprise-architecture/architectural-review-board/Volume3_Knowledge_Management_Capability_Mapping.md,MIGRATE,volume3-knowledge-management-capability-mapping,docs/architecture/62-volume3-knowledge-management-capability-mapping.md,2,Section default (enterprise-architecture -> architecture).
docs/enterprise-architecture/architectural-review-board/Volume4_Artifact_Catalog_Quality_Attributes.md,MIGRATE,volume4-artifact-catalog-quality-attributes,docs/architecture/63-volume4-artifact-catalog-quality-attributes.md,2,Section default (enterprise-architecture -> architecture).
docs/enterprise-architecture/architectural-review-board/Volume5_Review_Questions_Scorecards.md,MIGRATE,volume5-review-questions-scorecards,docs/architecture/64-volume5-review-questions-scorecards.md,2,Section default (enterprise-architecture -> architecture).
docs/enterprise-architecture/architectural-review-board/Volume6_Banking_Industry_DeepDive.md,MIGRATE,volume6-banking-industry-deepdive,docs/architecture/65-volume6-banking-industry-deepdive.md,2,Section default (enterprise-architecture -> architecture).
docs/enterprise-architecture/architectural-review-board/Volume7_AI_Native_ARB_Case_Studies.md,MIGRATE,volume7-ai-native-arb-case-studies,docs/architecture/66-volume7-ai-native-arb-case-studies.md,2,Section default (enterprise-architecture -> architecture).
docs/enterprise-architecture/architectural-review-board/Volume8_Implementation_Accelerator_Kit.md,TRACK,template-arb-implementation-accelerator-kit,docs/assets/53-template-arb-implementation-accelerator-kit.md,8,Title-led 'Templates' content -> assets track per doctrine.
docs/enterprise-architecture/architectural-review-board/Volume9_Enterprise_Reference_Repository.md,MIGRATE,volume9-enterprise-reference-repository,docs/architecture/67-volume9-enterprise-reference-repository.md,2,Section default (enterprise-architecture -> architecture).
docs/enterprise-architecture/architectural-review-board/index.md,MERGE-INTO,hub-architecture,docs/architecture/index.md,2,Nested section/subfolder index; one hub per domain rule — folds into hub-architecture.
docs/enterprise-architecture/best-practices/EA_BestPractices_Jargon.md,MIGRATE,ea-bestpractices-jargon,docs/architecture/68-ea-bestpractices-jargon.md,2,Section default (enterprise-architecture -> architecture).
docs/enterprise-architecture/best-practices/EA_Glossary_CheatSheet.md,MIGRATE,ea-glossary-cheatsheet,docs/architecture/69-ea-glossary-cheatsheet.md,2,Section default (enterprise-architecture -> architecture).
docs/enterprise-architecture/best-practices/index.md,MERGE-INTO,hub-architecture,docs/architecture/index.md,2,Nested section/subfolder index; one hub per domain rule — folds into hub-architecture.
docs/enterprise-architecture/framework/EA_Soft_Skills_Interview_Master_Guide.md,TRACK,ea-soft-skills-interview-master-guide,docs/career/44-ea-soft-skills-interview-master-guide.md,8,Interview/soft-skills content -> career track per doctrine.
docs/enterprise-architecture/framework/Executive_Communication_Framework_Guide.md,MIGRATE,executive-communication-framework-guide,docs/architecture/70-executive-communication-framework-guide.md,2,Section default (enterprise-architecture -> architecture).
docs/enterprise-architecture/index.md,MERGE-INTO,hub-architecture,docs/architecture/index.md,2,Nested section/subfolder index; one hub per domain rule — folds into hub-architecture.
docs/enterprise-architecture/process/EA_Mastery_Guide.md,SPLIT,ea-mastery-guide,docs/architecture/71-ea-mastery-guide.md,2,"Section default (enterprise-architecture -> architecture). [SPLIT part 1/2: over 6600-word hard cap even as reference-architecture, discovered mid-migration, split per migration/split-plans/split-ea-mastery-guide.md]"
docs/enterprise-architecture/process/EA_Mastery_Guide.md,SPLIT,ea-mastery-guide-part2,docs/architecture/parts/35-ea-mastery-guide-part2.md,2,[SPLIT part 2/2 of ea-mastery-guide]
docs/enterprise-architecture/process/EA_Real_Life_Transcript.md,TRACK,transcript-ea-real-life,docs/assets/54-transcript-ea-real-life.md,8,Transcript -> assets track per doctrine.
docs/enterprise-architecture/process/Enterprise_AI_Architect_Bible_2026.md,MIGRATE,enterprise-ai-architect-bible-2026,docs/architecture/72-enterprise-ai-architect-bible-2026.md,2,Section default (enterprise-architecture -> architecture).
docs/enterprise-architecture/process/Enterprise_AI_Architect_Deep_Dive_Guide.md,DROP,,,,"Monolith (441 words) superseded by its own Part1-4 split — monolith+parts doctrine: keep parts, drop monolith."
docs/enterprise-architecture/process/Enterprise_AI_Architect_Deep_Dive_Guide_Part1_Foundation.md,MIGRATE,ea-architect-deep-dive-foundation,docs/architecture/05-ea-architect-deep-dive-foundation.md,2,"EA Architect Deep Dive, part 1 of 4 (foundation)."
docs/enterprise-architecture/process/Enterprise_AI_Architect_Deep_Dive_Guide_Part2_Five_Arenas.md,SPLIT,ea-architect-deep-dive-five-arenas,docs/architecture/06-ea-architect-deep-dive-five-arenas.md,2,"EA Architect Deep Dive, part 2 of 4 (five arenas). [SPLIT part 1/2: over 6600-word hard cap once faithfully transcribed with required mermaid diagram, discovered mid-migration, split per migration/split-plans/split-ea-architect-deep-dive-five-arenas.md]"
docs/enterprise-architecture/process/Enterprise_AI_Architect_Deep_Dive_Guide_Part2_Five_Arenas.md,SPLIT,ea-architect-deep-dive-five-arenas-part2,docs/architecture/parts/37-ea-architect-deep-dive-five-arenas-part2.md,2,[SPLIT part 2/2 of ea-architect-deep-dive-five-arenas]
docs/enterprise-architecture/process/Enterprise_AI_Architect_Deep_Dive_Guide_Part3_Toolkit_Practice.md,MIGRATE,ea-architect-deep-dive-toolkit-practice,docs/architecture/07-ea-architect-deep-dive-toolkit-practice.md,2,"EA Architect Deep Dive, part 3 of 4 (toolkit & practice)."
docs/enterprise-architecture/process/Enterprise_AI_Architect_Deep_Dive_Guide_Part4_Measurement_Growth.md,MIGRATE,ea-architect-deep-dive-measurement-growth,docs/architecture/08-ea-architect-deep-dive-measurement-growth.md,2,"EA Architect Deep Dive, part 4 of 4 (measurement & growth)."
docs/enterprise-architecture/process/Enterprise_Agentic_AI_Architecture_Playbook_2026.md,MIGRATE,enterprise-agentic-ai-architecture-playbook-2026,docs/architecture/73-enterprise-agentic-ai-architecture-playbook-2026.md,2,Section default (enterprise-architecture -> architecture).
docs/enterprise-architecture/process/ai-solution-lifecycle-deliverables.md,MIGRATE,ai-solution-lifecycle-deliverables,docs/architecture/74-ai-solution-lifecycle-deliverables.md,2,Section default (enterprise-architecture -> architecture).
docs/enterprise-architecture/process/enterprise-technology-selection-framework.md,MIGRATE,enterprise-technology-selection-framework,docs/architecture/75-enterprise-technology-selection-framework.md,2,Section default (enterprise-architecture -> architecture).
docs/enterprise-architecture/process/index.md,MERGE-INTO,hub-architecture,docs/architecture/index.md,2,Nested section/subfolder index; one hub per domain rule — folds into hub-architecture.
docs/enterprise-architecture/specialization/AI_Invoice_Auditor_Architecture_v5.md,MIGRATE,ai-invoice-auditor-architecture,docs/architecture/76-ai-invoice-auditor-architecture.md,2,Section default (enterprise-architecture -> architecture).
docs/enterprise-architecture/specialization/AI_Transformation_Consultant_Toolkit_2026.md,MIGRATE,ai-transformation-consultant-toolkit-2026,docs/architecture/77-ai-transformation-consultant-toolkit-2026.md,2,Section default (enterprise-architecture -> architecture).
docs/enterprise-architecture/specialization/AKES_Addendum_Document_Update_and_Versioning.md,MIGRATE,akes-addendum-document-update-and-versioning,docs/architecture/78-akes-addendum-document-update-and-versioning.md,2,Section default (enterprise-architecture -> architecture).
docs/enterprise-architecture/specialization/APEX_EA_Final.md,DROP,,,,"Monolith (1038 words) superseded by its own Part1-4 split — monolith+parts doctrine: keep parts, drop monolith."
docs/enterprise-architecture/specialization/APEX_EA_Final_Part1_Team_Structure_RACI.md,MIGRATE,apex-ea-team-structure-raci,docs/architecture/09-apex-ea-team-structure-raci.md,2,"APEX EA, part 1 of 4 (team structure & RACI)."
docs/enterprise-architecture/specialization/APEX_EA_Final_Part2_AI_DLC_Methodology_Foundation_Architecture.md,MIGRATE,apex-ea-aidlc-methodology,docs/architecture/10-apex-ea-aidlc-methodology.md,2,"APEX EA, part 2 of 4 (AI-DLC methodology & foundation architecture)."
docs/enterprise-architecture/specialization/APEX_EA_Final_Part3_Information_Systems_Technology_Architecture.md,MIGRATE,apex-ea-information-systems-architecture,docs/architecture/11-apex-ea-information-systems-architecture.md,2,"APEX EA, part 3 of 4 (information systems & technology architecture)."
docs/enterprise-architecture/specialization/APEX_EA_Final_Part4_Delivery_Governance_Reference.md,MIGRATE,apex-ea-delivery-governance-reference,docs/architecture/12-apex-ea-delivery-governance-reference.md,2,"APEX EA, part 4 of 4 (delivery, governance & reference)."
docs/enterprise-architecture/specialization/DPDP_Act_2023_Comprehensive_Guide.md,MIGRATE,dpdp-act-2023-comprehensive-guide,docs/architecture/79-dpdp-act-2023-comprehensive-guide.md,2,Section default (enterprise-architecture -> architecture).
docs/enterprise-architecture/specialization/DSA_Principal_Architect_Reference.md,MIGRATE,dsa-principal-architect-reference,docs/architecture/80-dsa-principal-architect-reference.md,2,Section default (enterprise-architecture -> architecture).
docs/enterprise-architecture/specialization/EAKA_Research_Study.md,MIGRATE,eaka-research-study,docs/architecture/81-eaka-research-study.md,2,Section default (enterprise-architecture -> architecture).
docs/enterprise-architecture/specialization/EA_Business_Communication_Executive_Skills.md,MIGRATE,ea-business-communication-executive-skills,docs/architecture/82-ea-business-communication-executive-skills.md,2,Section default (enterprise-architecture -> architecture).
docs/enterprise-architecture/specialization/EA_OKR_KPI_Research.md,MIGRATE,ea-okr-kpi-research,docs/architecture/83-ea-okr-kpi-research.md,2,Section default (enterprise-architecture -> architecture).
docs/enterprise-architecture/specialization/Enterprise_Data_Architect_AI_GenAI.md,MIGRATE,enterprise-data-architect-ai-genai,docs/architecture/84-enterprise-data-architect-ai-genai.md,2,Section default (enterprise-architecture -> architecture).
docs/enterprise-architecture/specialization/Enterprise_Manager_AI_GenAI.md,MIGRATE,enterprise-manager-ai-genai,docs/architecture/85-enterprise-manager-ai-genai.md,2,Section default (enterprise-architecture -> architecture).
docs/enterprise-architecture/specialization/Principal_Enterprise_AI_Guide_Educative.md,SPLIT,principal-enterprise-ai-guide-educative,docs/architecture/86-principal-enterprise-ai-guide-educative.md,2,"Section default (enterprise-architecture -> architecture). [SPLIT part 1/2: over 6600-word hard cap, discovered mid-migration, split per migration/split-plans/split-principal-enterprise-ai-guide-educative.md]"
docs/enterprise-architecture/specialization/Principal_Enterprise_AI_Guide_Educative.md,SPLIT,principal-enterprise-ai-guide-educative-part2,docs/architecture/parts/36-principal-enterprise-ai-guide-educative-part2.md,2,[SPLIT part 2/2 of principal-enterprise-ai-guide-educative]
docs/enterprise-architecture/specialization/RFI_AI_Platform_Transcript.md,TRACK,transcript-rfi-ai-platform,docs/assets/55-transcript-rfi-ai-platform.md,8,Transcript -> assets track per doctrine.
docs/enterprise-architecture/specialization/index.md,MERGE-INTO,hub-architecture,docs/architecture/index.md,2,Nested section/subfolder index; one hub per domain rule — folds into hub-architecture.
docs/enterprise-architecture/specialization/modern-data-ai-platform-blueprint-2026.md,MIGRATE,modern-data-ai-platform-blueprint-2026,docs/architecture/87-modern-data-ai-platform-blueprint-2026.md,2,Section default (enterprise-architecture -> architecture).
docs/enterprise-architecture/strategy/EA_AI_First_Transformation_Transcript.md,TRACK,transcript-ea-ai-first-transformation,docs/assets/56-transcript-ea-ai-first-transformation.md,8,Transcript -> assets track per doctrine (reviewer-audit fix).
docs/enterprise-architecture/strategy/EA_Strategy_Playbook.md,SPLIT,ea-strategy-playbook,docs/strategy/32-ea-strategy-playbook.md,1,"Section default (enterprise-architecture -> strategy). [SPLIT part 1/2: over 2000-word limit, split per migration/split-plans/split-ea-strategy-playbook.md]"
docs/enterprise-architecture/strategy/Enterprise_AI_Strategic_Brief_2026.md,SPLIT,enterprise-ai-strategic-brief-2026,docs/strategy/33-enterprise-ai-strategic-brief-2026.md,1,"Section default (enterprise-architecture -> strategy). [SPLIT part 1/3: over 2000-word limit, split per migration/split-plans/split-enterprise-ai-strategic-brief-2026.md]"
docs/enterprise-architecture/strategy/Enterprise_AI_Transformation_Blueprint_CTO_Guide_2026.md,SPLIT,enterprise-ai-transformation-blueprint-cto-guide-2026,docs/strategy/34-enterprise-ai-transformation-blueprint-cto-guide-2026.md,1,"Section default (enterprise-architecture -> strategy). [SPLIT part 1/4: over 2000-word limit, split per migration/split-plans/split-enterprise-ai-transformation-blueprint-cto-guide-2026.md]"
docs/enterprise-architecture/strategy/index.md,MERGE-INTO,hub-strategy,docs/strategy/index.md,1,Nested section/subfolder index; one hub per domain rule — folds into hub-strategy.
docs/enterprise-architecture/transformation/00_Executive_Summary_and_AI_Vision.md,MIGRATE,executive-summary-and-ai-vision,docs/strategy/35-executive-summary-and-ai-vision.md,1,Section default (enterprise-architecture -> strategy).
docs/enterprise-architecture/transformation/01_Current_State_Assessment_and_AI_Maturity.md,MIGRATE,current-state-assessment-and-ai-maturity,docs/strategy/36-current-state-assessment-and-ai-maturity.md,1,Section default (enterprise-architecture -> strategy).
docs/enterprise-architecture/transformation/02_AI_Opportunity_Portfolio.md,MIGRATE,ai-opportunity-portfolio,docs/strategy/37-ai-opportunity-portfolio.md,1,Section default (enterprise-architecture -> strategy).
docs/enterprise-architecture/transformation/03_Enterprise_AI_Platform_and_Data_Architecture.md,MIGRATE,enterprise-ai-platform-and-data-architecture,docs/strategy/38-enterprise-ai-platform-and-data-architecture.md,1,Section default (enterprise-architecture -> strategy).
docs/enterprise-architecture/transformation/04_Governance_Responsible_AI_and_Security.md,MIGRATE,governance-responsible-ai-and-security,docs/strategy/39-governance-responsible-ai-and-security.md,1,Section default (enterprise-architecture -> strategy).
docs/enterprise-architecture/transformation/05_Target_Operating_Model_and_Change.md,MIGRATE,target-operating-model-and-change,docs/strategy/40-target-operating-model-and-change.md,1,Section default (enterprise-architecture -> strategy).
docs/enterprise-architecture/transformation/06_Roadmap_Financials_KPIs_and_Risk.md,MIGRATE,roadmap-financials-kpis-and-risk,docs/strategy/41-roadmap-financials-kpis-and-risk.md,1,Section default (enterprise-architecture -> strategy).
docs/enterprise-architecture/transformation/ai-first-to-ai-native.md,SPLIT,ai-first-to-ai-native,docs/strategy/42-ai-first-to-ai-native.md,1,"Section default (enterprise-architecture -> strategy). [SPLIT part 1/3: over 2000-word limit, split per migration/split-plans/split-ai-first-to-ai-native.md]"
docs/enterprise-architecture/transformation/index.md,MERGE-INTO,hub-strategy,docs/strategy/index.md,1,Nested section/subfolder index; one hub per domain rule — folds into hub-strategy.
docs/enterprise-strategy/index.md,MERGE-INTO,hub-strategy,docs/strategy/index.md,1,Nested section/subfolder index; one hub per domain rule — folds into hub-strategy.
docs/enterprise-strategy/vol1-corporate-strategy.md,SPLIT,vol1-corporate-strategy,docs/strategy/43-vol1-corporate-strategy.md,1,"Section default (enterprise-strategy -> strategy). [SPLIT part 1/5: over 2000-word limit, split per migration/split-plans/split-vol1-corporate-strategy.md]"
docs/enterprise-strategy/vol10-relationship-maps-glossary.md,SPLIT,vol10-relationship-maps-glossary,docs/strategy/44-vol10-relationship-maps-glossary.md,1,"Section default (enterprise-strategy -> strategy). [SPLIT part 1/5: over 2000-word limit, split per migration/split-plans/split-vol10-relationship-maps-glossary.md]"
docs/enterprise-strategy/vol2-business-architecture-operating-model.md,SPLIT,vol2-business-architecture-operating-model,docs/strategy/45-vol2-business-architecture-operating-model.md,1,"Section default (enterprise-strategy -> strategy). [SPLIT part 1/4: over 2000-word limit, split per migration/split-plans/split-vol2-business-architecture-operating-model.md]"
docs/enterprise-strategy/vol3-portfolio-governance.md,SPLIT,vol3-portfolio-governance,docs/strategy/46-vol3-portfolio-governance.md,1,"Section default (enterprise-strategy -> strategy). [SPLIT part 1/3: over 2000-word limit, split per migration/split-plans/split-vol3-portfolio-governance.md]"
docs/enterprise-strategy/vol4-consulting-frameworks-industry.md,SPLIT,vol4-consulting-frameworks-industry,docs/strategy/47-vol4-consulting-frameworks-industry.md,1,"Section default (enterprise-strategy -> strategy). [SPLIT part 1/4: over 2000-word limit, split per migration/split-plans/split-vol4-consulting-frameworks-industry.md]"
docs/enterprise-strategy/vol5-ai-strategy-transformation-glossary.md,SPLIT,vol5-ai-strategy-transformation-glossary,docs/strategy/48-vol5-ai-strategy-transformation-glossary.md,1,"Section default (enterprise-strategy -> strategy). [SPLIT part 1/4: over 2000-word limit, split per migration/split-plans/split-vol5-ai-strategy-transformation-glossary.md]"
docs/enterprise-strategy/vol6-organization-structure-operating-model.md,SPLIT,vol6-organization-structure-operating-model,docs/strategy/49-vol6-organization-structure-operating-model.md,1,"Section default (enterprise-strategy -> strategy). [SPLIT part 1/4: over 2000-word limit, split per migration/split-plans/split-vol6-organization-structure-operating-model.md]"
docs/enterprise-strategy/vol7-enterprise-building-blocks.md,SPLIT,vol7-enterprise-building-blocks,docs/strategy/50-vol7-enterprise-building-blocks.md,1,"Section default (enterprise-strategy -> strategy). [SPLIT part 1/4: over 2000-word limit, split per migration/split-plans/split-vol7-enterprise-building-blocks.md]"
docs/enterprise-strategy/vol8-portfolio-consulting-frameworks.md,SPLIT,vol8-portfolio-consulting-frameworks,docs/strategy/51-vol8-portfolio-consulting-frameworks.md,1,"Section default (enterprise-strategy -> strategy). [SPLIT part 1/4: over 2000-word limit, split per migration/split-plans/split-vol8-portfolio-consulting-frameworks.md]"
docs/enterprise-strategy/vol9-industry-deep-dives.md,SPLIT,vol9-industry-deep-dives,docs/strategy/52-vol9-industry-deep-dives.md,1,"Section default (enterprise-strategy -> strategy). [SPLIT part 1/3: over 2000-word limit, split per migration/split-plans/split-vol9-industry-deep-dives.md]"
docs/index.md,DROP,,,,"Old-repo home page is site chrome, not knowledge content; new repo's homepage is generated (src/pages/index.js)."
docs/interview-prep/AI_Agent_Systems_Interview_Guide.md,TRACK,interview-ai-agent-systems,docs/career/06-interview-ai-agent-systems.md,8,Interview-prep content -> career track per doctrine.
docs/interview-prep/AI_Engineer_Question_Bank.md,TRACK,interview-ai-engineer-question-bank,docs/career/07-interview-ai-engineer-question-bank.md,8,Interview-prep content -> career track per doctrine.
docs/interview-prep/Agentic_AI_Platforms_Questionnaire_2025.md,TRACK,interview-agentic-ai-platforms-questionnaire,docs/career/08-interview-agentic-ai-platforms-questionnaire.md,8,Interview-prep content -> career track per doctrine.
docs/interview-prep/EA_HITL_HOTL_HOOL_Interview_Questions.md,TRACK,interview-ea-hitl-hotl-hool,docs/career/09-interview-ea-hitl-hotl-hool.md,8,Interview-prep content -> career track per doctrine.
docs/interview-prep/EA_Quality_Resilience_Testing_Interview_Questions.md,TRACK,interview-ea-quality-resilience-testing,docs/career/10-interview-ea-quality-resilience-testing.md,8,Interview-prep content -> career track per doctrine.
docs/interview-prep/EA_Senior_Interview_Questions.md,TRACK,interview-ea-senior,docs/career/11-interview-ea-senior.md,8,Interview-prep content -> career track per doctrine.
docs/interview-prep/EA_Soft_Skills_and_Behaviors.md,TRACK,interview-ea-soft-skills-and-behaviors,docs/career/12-interview-ea-soft-skills-and-behaviors.md,8,Interview-prep content -> career track per doctrine.
docs/interview-prep/EY_AI_Architect_Interview_Guide_1.md,TRACK,interview-ey-ai-architect,docs/career/13-interview-ey-ai-architect.md,8,Interview-prep content -> career track per doctrine.
docs/interview-prep/Enterprise_Architect_in_the_Age_of_AI.md,TRACK,interview-enterprise-architect-age-of-ai,docs/career/14-interview-enterprise-architect-age-of-ai.md,8,Interview-prep content -> career track per doctrine.
docs/interview-prep/Enterprise_GenAI_Architect_Interview_Guide.md,TRACK,interview-enterprise-genai-architect,docs/career/15-interview-enterprise-genai-architect.md,8,Interview-prep content -> career track per doctrine.
docs/interview-prep/Hard_Scenarios_Interview_Prep.md,TRACK,interview-hard-scenarios,docs/career/16-interview-hard-scenarios.md,8,Interview-prep content -> career track per doctrine.
docs/interview-prep/ML_AI_Interview_Mastery_Guide.md,TRACK,interview-ml-ai-mastery-guide,docs/career/17-interview-ml-ai-mastery-guide.md,8,Interview-prep content -> career track per doctrine.
docs/interview-prep/Multimodal_AI_EA_Scenarios.md,TRACK,interview-multimodal-ai-ea-scenarios,docs/career/18-interview-multimodal-ai-ea-scenarios.md,8,Interview-prep content -> career track per doctrine.
docs/interview-prep/ea-ai-artifacts-and-metrics.md,TRACK,interview-ea-artifacts-and-metrics,docs/career/21-interview-ea-artifacts-and-metrics.md,8,Interview-prep content -> career track per doctrine.
docs/interview-prep/ea/EA_Interview_Handbook.md,TRACK,ea-interview-handbook,docs/career/05-ea-interview-handbook.md,8,Interview-prep content -> career track per doctrine.
docs/interview-prep/ea/EA_Interview_Handbook_DELTA.md,MERGE-INTO,ea-interview-handbook,docs/career/05-ea-interview-handbook.md,8,"2026 delta update to the EA Interview Handbook — folds into the base handbook as its current revision, not a separate topic."
docs/interview-prep/ea/EA_Interview_Master_Guide.md,TRACK,interview-ea-master-guide,docs/career/19-interview-ea-master-guide.md,8,Interview-prep content -> career track per doctrine.
docs/interview-prep/ea/EA_Interview_Vol3_CTO_AI.md,TRACK,interview-ea-vol3-cto-ai,docs/career/20-interview-ea-vol3-cto-ai.md,8,Interview-prep content -> career track per doctrine.
docs/interview-prep/ea/index.md,MERGE-INTO,hub-career,docs/career/index.md,8,Redundant nested interview-prep index; one hub per domain rule — folds into hub-career.
docs/interview-prep/fde/architect-in-fde-context.md,TRACK,interview-fde-architect-context,docs/career/22-interview-fde-architect-context.md,8,Interview-prep content -> career track per doctrine.
docs/interview-prep/fde/fde-life-transcript.md,TRACK,fde-life-transcript,docs/assets/06-fde-life-transcript.md,8,"Transcript content -> assets track per doctrine, even though it lives in the interview-prep section."
docs/interview-prep/fde/fde-role-skills-map.md,TRACK,interview-fde-role-skills-map,docs/career/23-interview-fde-role-skills-map.md,8,Interview-prep content -> career track per doctrine.
docs/interview-prep/fde/index.md,MERGE-INTO,hub-career,docs/career/index.md,8,Redundant nested interview-prep index; one hub per domain rule — folds into hub-career.
docs/interview-prep/index.md,MERGE-INTO,hub-career,docs/career/index.md,8,Redundant nested interview-prep index; one hub per domain rule — folds into hub-career.
docs/knowledge-engineering/data/Data_Architecture_for_AI_Report.md,MIGRATE,data-architecture-for-ai-report,docs/data-knowledge/03-data-architecture-for-ai-report.md,5,Section default (knowledge-engineering -> data-knowledge).
docs/knowledge-engineering/data/End_to_End_Lineage_Systems_Report.md,MIGRATE,end-to-end-lineage-systems-report,docs/data-knowledge/04-end-to-end-lineage-systems-report.md,5,Section default (knowledge-engineering -> data-knowledge).
docs/knowledge-engineering/data/Enterprise_Data_Systems_AI_Governance_Report.md,MIGRATE,enterprise-data-systems-ai-governance-report,docs/data-knowledge/05-enterprise-data-systems-ai-governance-report.md,5,Section default (knowledge-engineering -> data-knowledge).
docs/knowledge-engineering/data/index.md,MERGE-INTO,hub-data-knowledge,docs/data-knowledge/index.md,5,Nested section/subfolder index; one hub per domain rule — folds into hub-data-knowledge.
docs/knowledge-engineering/index.md,MERGE-INTO,hub-data-knowledge,docs/data-knowledge/index.md,5,Nested section/subfolder index; one hub per domain rule — folds into hub-data-knowledge.
docs/knowledge-engineering/industry-practices/consulting-firms-genai-strategy.md,MIGRATE,consulting-firms-genai-strategy,docs/data-knowledge/06-consulting-firms-genai-strategy.md,5,Section default (knowledge-engineering -> data-knowledge).
docs/knowledge-engineering/industry-practices/consulting-firms.md,MIGRATE,consulting-firms,docs/data-knowledge/07-consulting-firms.md,5,Section default (knowledge-engineering -> data-knowledge).
docs/knowledge-engineering/industry-practices/evaluation.md,MIGRATE,evaluation,docs/data-knowledge/08-evaluation.md,5,Section default (knowledge-engineering -> data-knowledge).
docs/knowledge-engineering/industry-practices/governance-rai.md,MIGRATE,governance-rai,docs/data-knowledge/09-governance-rai.md,5,Section default (knowledge-engineering -> data-knowledge).
docs/knowledge-engineering/industry-practices/grounding.md,MIGRATE,grounding,docs/data-knowledge/10-grounding.md,5,Section default (knowledge-engineering -> data-knowledge).
docs/knowledge-engineering/industry-practices/index.md,MERGE-INTO,hub-data-knowledge,docs/data-knowledge/index.md,5,Nested section/subfolder index; one hub per domain rule — folds into hub-data-knowledge.
docs/knowledge-engineering/industry-practices/tech-companies.md,MIGRATE,tech-companies,docs/data-knowledge/11-tech-companies.md,5,Section default (knowledge-engineering -> data-knowledge).
docs/knowledge-engineering/knowledge/Autonomous_Knowledge_Engineering_System.md,MIGRATE,autonomous-knowledge-engineering-system,docs/data-knowledge/12-autonomous-knowledge-engineering-system.md,5,Section default (knowledge-engineering -> data-knowledge).
docs/knowledge-engineering/knowledge/Complex_RAG_Deep_Dive.md,MIGRATE,complex-rag-deep-dive,docs/data-knowledge/13-complex-rag-deep-dive.md,5,Section default (knowledge-engineering -> data-knowledge).
docs/knowledge-engineering/knowledge/Enterprise_Knowledge_Architectures_Report.md,MIGRATE,enterprise-knowledge-architectures-report,docs/data-knowledge/14-enterprise-knowledge-architectures-report.md,5,Section default (knowledge-engineering -> data-knowledge).
docs/knowledge-engineering/knowledge/index.md,MERGE-INTO,hub-data-knowledge,docs/data-knowledge/index.md,5,Nested section/subfolder index; one hub per domain rule — folds into hub-data-knowledge.
docs/multimodal-ai/index.md,MERGE-INTO,hub-agentic-systems,docs/agentic-systems/index.md,3,Nested section/subfolder index; one hub per domain rule — folds into hub-agentic-systems.
docs/multimodal-ai/part-01-foundations.md,MIGRATE,part-01-foundations,docs/agentic-systems/multimodal/01-part-01-foundations.md,3,Section default (multimodal-ai -> agentic-systems).
docs/multimodal-ai/part-02-enterprise-architecture.md,MIGRATE,part-02-enterprise-architecture,docs/agentic-systems/multimodal/02-part-02-enterprise-architecture.md,3,Section default (multimodal-ai -> agentic-systems).
docs/multimodal-ai/part-03-modalities-image-document.md,MIGRATE,part-03-modalities-image-document,docs/agentic-systems/multimodal/03-part-03-modalities-image-document.md,3,Section default (multimodal-ai -> agentic-systems).
docs/multimodal-ai/part-04-modalities-video-audio.md,MIGRATE,part-04-modalities-video-audio,docs/agentic-systems/multimodal/04-part-04-modalities-video-audio.md,3,Section default (multimodal-ai -> agentic-systems).
docs/multimodal-ai/part-05-multimodal-rag.md,MIGRATE,part-05-multimodal-rag,docs/agentic-systems/multimodal/05-part-05-multimodal-rag.md,3,Section default (multimodal-ai -> agentic-systems).
docs/multimodal-ai/part-06-agentic-workflows.md,MIGRATE,part-06-agentic-workflows,docs/agentic-systems/multimodal/06-part-06-agentic-workflows.md,3,Section default (multimodal-ai -> agentic-systems).
docs/multimodal-ai/part-07-security-threats.md,MIGRATE,part-07-security-threats,docs/agentic-systems/multimodal/07-part-07-security-threats.md,3,Section default (multimodal-ai -> agentic-systems).
docs/multimodal-ai/part-08-guardrails-sanitization.md,MIGRATE,part-08-guardrails-sanitization,docs/agentic-systems/multimodal/08-part-08-guardrails-sanitization.md,3,Section default (multimodal-ai -> agentic-systems).
docs/multimodal-ai/part-09-compliance-responsible-ai.md,MIGRATE,part-09-compliance-responsible-ai,docs/agentic-systems/multimodal/09-part-09-compliance-responsible-ai.md,3,Section default (multimodal-ai -> agentic-systems).
docs/multimodal-ai/part-10-evaluation-benchmarks.md,MIGRATE,part-10-evaluation-benchmarks,docs/agentic-systems/multimodal/10-part-10-evaluation-benchmarks.md,3,Section default (multimodal-ai -> agentic-systems).
docs/multimodal-ai/part-11-evaluation-harnesses-cicd.md,MIGRATE,part-11-evaluation-harnesses-cicd,docs/agentic-systems/multimodal/11-part-11-evaluation-harnesses-cicd.md,3,Section default (multimodal-ai -> agentic-systems).
docs/multimodal-ai/part-12-observability-finops.md,MIGRATE,part-12-observability-finops,docs/agentic-systems/multimodal/12-part-12-observability-finops.md,3,Section default (multimodal-ai -> agentic-systems).
docs/multimodal-ai/part-13-governance-production.md,MIGRATE,part-13-governance-production,docs/agentic-systems/multimodal/13-part-13-governance-production.md,3,Section default (multimodal-ai -> agentic-systems).
docs/multimodal-ai/part-14-cloud-platform-comparison.md,MIGRATE,part-14-cloud-platform-comparison,docs/agentic-systems/multimodal/14-part-14-cloud-platform-comparison.md,3,Section default (multimodal-ai -> agentic-systems).
docs/multimodal-ai/part-15-emerging-trends-bibliography.md,MIGRATE,part-15-emerging-trends-bibliography,docs/agentic-systems/multimodal/15-part-15-emerging-trends-bibliography.md,3,Section default (multimodal-ai -> agentic-systems).
docs/nist-ai-standards/index.md,MERGE-INTO,hub-trust,docs/trust/index.md,7,Redundant nested section index; one hub per domain rule — folds into hub-trust.
docs/nist-ai-standards/part-01-nist-ai-100-2-adversarial-ml.md,MIGRATE,part-01-nist-ai-100-2-adversarial-ml,docs/trust/nist-ai-standards/01-part-01-nist-ai-100-2-adversarial-ml.md,7,Part of the 8-way security/governance sprawl (nist-ai-standards); consolidates into docs/trust as its own sub-topic (deep-mind + policy volumes are the flagship spokes).
docs/nist-ai-standards/part-02-nist-ai-100-4-synthetic-content.md,MIGRATE,part-02-nist-ai-100-4-synthetic-content,docs/trust/nist-ai-standards/02-part-02-nist-ai-100-4-synthetic-content.md,7,Part of the 8-way security/governance sprawl (nist-ai-standards); consolidates into docs/trust as its own sub-topic (deep-mind + policy volumes are the flagship spokes).
docs/nist-ai-standards/part-03-caisi-agentic-ai.md,MIGRATE,part-03-caisi-agentic-ai,docs/trust/nist-ai-standards/03-part-03-caisi-agentic-ai.md,7,Part of the 8-way security/governance sprawl (nist-ai-standards); consolidates into docs/trust as its own sub-topic (deep-mind + policy volumes are the flagship spokes).
docs/nist-ai-standards/part-04-enterprise-architecture.md,MIGRATE,part-04-enterprise-architecture,docs/trust/nist-ai-standards/04-part-04-enterprise-architecture.md,7,Part of the 8-way security/governance sprawl (nist-ai-standards); consolidates into docs/trust as its own sub-topic (deep-mind + policy volumes are the flagship spokes).
docs/nist-ai-standards/part-05-control-mappings.md,MIGRATE,part-05-control-mappings,docs/trust/nist-ai-standards/05-part-05-control-mappings.md,7,Part of the 8-way security/governance sprawl (nist-ai-standards); consolidates into docs/trust as its own sub-topic (deep-mind + policy volumes are the flagship spokes).
docs/nist-ai-standards/part-06-implementation-checklist.md,MIGRATE,part-06-implementation-checklist,docs/trust/nist-ai-standards/06-part-06-implementation-checklist.md,7,Part of the 8-way security/governance sprawl (nist-ai-standards); consolidates into docs/trust as its own sub-topic (deep-mind + policy volumes are the flagship spokes).
docs/nist-ai-standards/part-07-future-trends.md,MIGRATE,part-07-future-trends,docs/trust/nist-ai-standards/07-part-07-future-trends.md,7,Part of the 8-way security/governance sprawl (nist-ai-standards); consolidates into docs/trust as its own sub-topic (deep-mind + policy volumes are the flagship spokes).
docs/quantum/IBM_Associate_Quantum_CertGuide.md,TRACK,cert-ibm-quantum-associate,docs/career/28-cert-ibm-quantum-associate.md,8,Certification study guide -> career track per doctrine.
docs/quantum/IBM_Developer_Quantum_CertGuide.md,TRACK,cert-ibm-quantum-developer,docs/career/29-cert-ibm-quantum-developer.md,8,Certification study guide -> career track per doctrine.
docs/quantum/Quantum_AI_Consultancies_Report.md,SPLIT,quantum-ai-consulting-landscape,docs/strategy/01-quantum-ai-consulting-landscape.md,1,"Market/vendor landscape report -> strategy (economics & market scope), not platforms. [SPLIT part 1/4: over 2000-word limit, split per migration/split-plans/split-quantum-ai-consulting-landscape.md]"
docs/quantum/Quantum_AI_Startups_Report.md,SPLIT,quantum-ai-startup-landscape,docs/strategy/02-quantum-ai-startup-landscape.md,1,"Market/vendor landscape report -> strategy (economics & market scope), not platforms. [SPLIT part 1/5: over 2000-word limit, split per migration/split-plans/split-quantum-ai-startup-landscape.md]"
docs/quantum/Quantum_AI_Zero_to_Mastery.md,DROP,,,,Explicitly marked '(Original PDF)' raw import; superseded by the 4-part split. Monolith+parts doctrine.
docs/quantum/index.md,MERGE-INTO,hub-platforms,docs/platforms/index.md,6,Section hub folds into hub-platforms (quantum's technical anchor domain); one hub per domain rule.
docs/quantum/zero-to-mastery-part1-foundations.md,MIGRATE,quantum-ai-foundations,docs/platforms/01-quantum-ai-foundations.md,6,"Quantum AI Zero-to-Mastery, part 1 of 4 (foundations)."
docs/quantum/zero-to-mastery-part2-quantum-ai.md,MIGRATE,quantum-ai-applications,docs/platforms/02-quantum-ai-applications.md,6,"Quantum AI Zero-to-Mastery, part 2 of 4 (quantum AI applications)."
docs/quantum/zero-to-mastery-part3-architecture.md,MIGRATE,quantum-ai-architecture,docs/platforms/03-quantum-ai-architecture.md,6,"Quantum AI Zero-to-Mastery, part 3 of 4 (mastery & architecture)."
docs/quantum/zero-to-mastery-part4-appendices.md,MIGRATE,quantum-ai-appendices,docs/platforms/04-quantum-ai-appendices.md,6,"Quantum AI Zero-to-Mastery, part 4 of 4 (appendices & industry landscape)."
docs/quantum/zero-to-mastery.md,MERGE-INTO,quantum-ai-foundations,docs/platforms/01-quantum-ai-foundations.md,6,Second monolith candidate (778 words) for the same series; folds into part1 as a short overview rather than a second drop+keep pair per doctrine (never leave two monoliths standing).
docs/soft-skills/CTO_Voice_Mastery_Program.md,TRACK,soft-skills-cto-voice-mastery,docs/career/24-soft-skills-cto-voice-mastery.md,8,Soft-skills content -> career track per doctrine.
docs/soft-skills/Creative_Thinking_Skills.md,TRACK,soft-skills-creative-thinking,docs/career/25-soft-skills-creative-thinking.md,8,Soft-skills content -> career track per doctrine.
docs/soft-skills/Mental_Model_Encyclopedia.md,DROP,,,,"Monolith (440 words) superseded by its own Part1-4 split — monolith+parts doctrine: keep parts, drop monolith."
docs/soft-skills/Mental_Model_Encyclopedia_Part1_Executive_Cognition.md,TRACK,mental-models-executive-cognition,docs/career/01-mental-models-executive-cognition.md,8,"Mental Model Encyclopedia, part 1 of 4 (executive cognition)."
docs/soft-skills/Mental_Model_Encyclopedia_Part2_Systems_Thinking.md,TRACK,mental-models-systems-thinking,docs/career/02-mental-models-systems-thinking.md,8,"Mental Model Encyclopedia, part 2 of 4 (systems thinking)."
docs/soft-skills/Mental_Model_Encyclopedia_Part3_Strategic_Analysis.md,TRACK,mental-models-strategic-analysis,docs/career/03-mental-models-strategic-analysis.md,8,"Mental Model Encyclopedia, part 3 of 4 (strategic analysis)."
docs/soft-skills/Mental_Model_Encyclopedia_Part4_Counterfactual_Thinking.md,TRACK,mental-models-counterfactual-thinking,docs/career/04-mental-models-counterfactual-thinking.md,8,"Mental Model Encyclopedia, part 4 of 4 (counterfactual thinking)."
docs/soft-skills/Mental_Models_for_Voice_Training.md,MERGE-INTO,mental-models-executive-cognition,docs/career/01-mental-models-executive-cognition.md,8,known-dup:mental-models-encyclopedia (filename-pattern match) — voice-training application of the same mental-model content folds into the closest part rather than standing alone.
docs/soft-skills/Problem_Solving_Skills.md,TRACK,soft-skills-problem-solving,docs/career/26-soft-skills-problem-solving.md,8,Soft-skills content -> career track per doctrine.
docs/soft-skills/Storytelling_Exercise_Workbook.md,TRACK,storytelling-exercise-workbook,docs/assets/07-storytelling-exercise-workbook.md,8,Workbook/exercise format reads as a downloadable asset (workshop kit) rather than career-guide prose.
docs/soft-skills/Voice_Training_30Day_Plan.md,TRACK,soft-skills-voice-training-30-day-plan,docs/career/27-soft-skills-voice-training-30-day-plan.md,8,Soft-skills content -> career track per doctrine.
docs/soft-skills/index.md,MERGE-INTO,hub-career,docs/career/index.md,8,Redundant nested soft-skills index; one hub per domain rule — folds into hub-career.
docs/sovereign-constitutional-ai/ai-alignment-control.md,MIGRATE,ai-alignment-control,docs/trust/sovereign-constitutional-ai/01-ai-alignment-control.md,7,Part of the 8-way security/governance sprawl (sovereign-constitutional-ai); consolidates into docs/trust as its own sub-topic (deep-mind + policy volumes are the flagship spokes).
docs/sovereign-constitutional-ai/ai-assurance-audit-architecture.md,MIGRATE,ai-assurance-audit-architecture,docs/trust/sovereign-constitutional-ai/02-ai-assurance-audit-architecture.md,7,Part of the 8-way security/governance sprawl (sovereign-constitutional-ai); consolidates into docs/trust as its own sub-topic (deep-mind + policy volumes are the flagship spokes).
docs/sovereign-constitutional-ai/ai-governance-operating-model.md,MIGRATE,ai-governance-operating-model,docs/trust/sovereign-constitutional-ai/03-ai-governance-operating-model.md,7,Part of the 8-way security/governance sprawl (sovereign-constitutional-ai); consolidates into docs/trust as its own sub-topic (deep-mind + policy volumes are the flagship spokes).
docs/sovereign-constitutional-ai/ai-risk-taxonomy.md,MIGRATE,ai-risk-taxonomy,docs/trust/sovereign-constitutional-ai/04-ai-risk-taxonomy.md,7,Part of the 8-way security/governance sprawl (sovereign-constitutional-ai); consolidates into docs/trust as its own sub-topic (deep-mind + policy volumes are the flagship spokes).
docs/sovereign-constitutional-ai/ai-safety-framework.md,MIGRATE,ai-safety-framework,docs/trust/sovereign-constitutional-ai/05-ai-safety-framework.md,7,Part of the 8-way security/governance sprawl (sovereign-constitutional-ai); consolidates into docs/trust as its own sub-topic (deep-mind + policy volumes are the flagship spokes).
docs/sovereign-constitutional-ai/constitutional-agent-architecture.md,MIGRATE,constitutional-agent-architecture,docs/trust/sovereign-constitutional-ai/06-constitutional-agent-architecture.md,7,Part of the 8-way security/governance sprawl (sovereign-constitutional-ai); consolidates into docs/trust as its own sub-topic (deep-mind + policy volumes are the flagship spokes).
docs/sovereign-constitutional-ai/constitutional-ai-engineering.md,MIGRATE,constitutional-ai-engineering,docs/trust/sovereign-constitutional-ai/07-constitutional-ai-engineering.md,7,Part of the 8-way security/governance sprawl (sovereign-constitutional-ai); consolidates into docs/trust as its own sub-topic (deep-mind + policy volumes are the flagship spokes).
docs/sovereign-constitutional-ai/democratic-ai-public-interest.md,MIGRATE,democratic-ai-public-interest,docs/trust/sovereign-constitutional-ai/08-democratic-ai-public-interest.md,7,Part of the 8-way security/governance sprawl (sovereign-constitutional-ai); consolidates into docs/trust as its own sub-topic (deep-mind + policy volumes are the flagship spokes).
docs/sovereign-constitutional-ai/index.md,MERGE-INTO,hub-trust,docs/trust/index.md,7,Redundant nested section index; one hub per domain rule — folds into hub-trust.
docs/sovereign-constitutional-ai/policy-as-code-framework.md,MIGRATE,policy-as-code-framework,docs/trust/sovereign-constitutional-ai/09-policy-as-code-framework.md,7,Part of the 8-way security/governance sprawl (sovereign-constitutional-ai); consolidates into docs/trust as its own sub-topic (deep-mind + policy volumes are the flagship spokes).
docs/sovereign-constitutional-ai/rai-operating-model.md,MIGRATE,rai-operating-model,docs/trust/sovereign-constitutional-ai/10-rai-operating-model.md,7,Part of the 8-way security/governance sprawl (sovereign-constitutional-ai); consolidates into docs/trust as its own sub-topic (deep-mind + policy volumes are the flagship spokes).
docs/sovereign-constitutional-ai/sovereign-ai-foundations.md,MIGRATE,sovereign-ai-foundations,docs/trust/sovereign-constitutional-ai/11-sovereign-ai-foundations.md,7,Part of the 8-way security/governance sprawl (sovereign-constitutional-ai); consolidates into docs/trust as its own sub-topic (deep-mind + policy volumes are the flagship spokes).
docs/sovereign-constitutional-ai/sovereign-ai-roadmap-maturity.md,MIGRATE,sovereign-ai-roadmap-maturity,docs/trust/sovereign-constitutional-ai/12-sovereign-ai-roadmap-maturity.md,7,Part of the 8-way security/governance sprawl (sovereign-constitutional-ai); consolidates into docs/trust as its own sub-topic (deep-mind + policy volumes are the flagship spokes).
docs/workflow-orchestration/01-executive-summary.md,MIGRATE,executive-summary,docs/agentic-systems/orchestration/01-executive-summary.md,3,Section default (workflow-orchestration -> agentic-systems).
docs/workflow-orchestration/02-evolution-timeline.md,MIGRATE,evolution-timeline,docs/agentic-systems/orchestration/02-evolution-timeline.md,3,Section default (workflow-orchestration -> agentic-systems).
docs/workflow-orchestration/03-workflow-vs-agent-architecture.md,MIGRATE,workflow-vs-agent-architecture,docs/agentic-systems/orchestration/03-workflow-vs-agent-architecture.md,3,Section default (workflow-orchestration -> agentic-systems).
docs/workflow-orchestration/04-temporal-deep-dive.md,MIGRATE,temporal-deep-dive,docs/agentic-systems/orchestration/04-temporal-deep-dive.md,3,Section default (workflow-orchestration -> agentic-systems).
docs/workflow-orchestration/05-camunda-deep-dive.md,MIGRATE,camunda-deep-dive,docs/agentic-systems/orchestration/05-camunda-deep-dive.md,3,Section default (workflow-orchestration -> agentic-systems).
docs/workflow-orchestration/06-durable-vs-cognitive-execution.md,MIGRATE,durable-vs-cognitive-execution,docs/agentic-systems/orchestration/06-durable-vs-cognitive-execution.md,3,Section default (workflow-orchestration -> agentic-systems).
docs/workflow-orchestration/07-ai-coding-orchestrators.md,MIGRATE,ai-coding-orchestrators,docs/agentic-systems/orchestration/07-ai-coding-orchestrators.md,3,Section default (workflow-orchestration -> agentic-systems).
docs/workflow-orchestration/08-agent-frameworks-comparison.md,MIGRATE,agent-frameworks-comparison,docs/agentic-systems/orchestration/08-agent-frameworks-comparison.md,3,Section default (workflow-orchestration -> agentic-systems).
docs/workflow-orchestration/09-tool-calling-orchestration.md,MIGRATE,tool-calling-orchestration,docs/agentic-systems/orchestration/09-tool-calling-orchestration.md,3,Section default (workflow-orchestration -> agentic-systems).
docs/workflow-orchestration/10-mcp-impact.md,MIGRATE,mcp-impact,docs/agentic-systems/orchestration/10-mcp-impact.md,3,Section default (workflow-orchestration -> agentic-systems).
docs/workflow-orchestration/11-a2a-orchestration-patterns.md,MIGRATE,a2a-orchestration-patterns,docs/agentic-systems/orchestration/11-a2a-orchestration-patterns.md,3,Section default (workflow-orchestration -> agentic-systems).
docs/workflow-orchestration/12-human-in-the-loop-architectures.md,MIGRATE,human-in-the-loop-architectures,docs/agentic-systems/orchestration/12-human-in-the-loop-architectures.md,3,Section default (workflow-orchestration -> agentic-systems).
docs/workflow-orchestration/13-memory-vs-workflow-state.md,MIGRATE,memory-vs-workflow-state,docs/agentic-systems/orchestration/13-memory-vs-workflow-state.md,3,Section default (workflow-orchestration -> agentic-systems).
docs/workflow-orchestration/14-ai-planning-vs-workflow-engines.md,MIGRATE,ai-planning-vs-workflow-engines,docs/agentic-systems/orchestration/14-ai-planning-vs-workflow-engines.md,3,Section default (workflow-orchestration -> agentic-systems).
docs/workflow-orchestration/15-reliability-playbook.md,MIGRATE,reliability-playbook,docs/agentic-systems/orchestration/15-reliability-playbook.md,3,Section default (workflow-orchestration -> agentic-systems).
docs/workflow-orchestration/16-observability-framework.md,MIGRATE,observability-framework,docs/agentic-systems/orchestration/16-observability-framework.md,3,Section default (workflow-orchestration -> agentic-systems).
docs/workflow-orchestration/17-security-architecture.md,MIGRATE,workflow-orchestration-security-architecture,docs/agentic-systems/orchestration/17-workflow-orchestration-security-architecture.md,3,Disambiguated generic 'security-architecture' slug (workflow-orchestration series).
docs/workflow-orchestration/18-enterprise-governance-model.md,MIGRATE,enterprise-governance-model,docs/agentic-systems/orchestration/18-enterprise-governance-model.md,3,Section default (workflow-orchestration -> agentic-systems).
docs/workflow-orchestration/19-reference-architectures.md,MIGRATE,reference-architectures,docs/agentic-systems/orchestration/19-reference-architectures.md,3,Section default (workflow-orchestration -> agentic-systems).
docs/workflow-orchestration/20-decision-matrix.md,MIGRATE,decision-matrix,docs/agentic-systems/orchestration/20-decision-matrix.md,3,Section default (workflow-orchestration -> agentic-systems).
docs/workflow-orchestration/21-future-predictions.md,MIGRATE,future-predictions,docs/agentic-systems/orchestration/21-future-predictions.md,3,Section default (workflow-orchestration -> agentic-systems).
docs/workflow-orchestration/22-anti-patterns-catalog.md,MIGRATE,anti-patterns-catalog,docs/agentic-systems/orchestration/22-anti-patterns-catalog.md,3,Section default (workflow-orchestration -> agentic-systems).
docs/workflow-orchestration/23-capability-maturity-model.md,MIGRATE,capability-maturity-model,docs/agentic-systems/orchestration/23-capability-maturity-model.md,3,Section default (workflow-orchestration -> agentic-systems).
docs/workflow-orchestration/index.md,MERGE-INTO,hub-agentic-systems,docs/agentic-systems/index.md,3,Nested section/subfolder index; one hub per domain rule — folds into hub-agentic-systems.
docs/ai-economics/AI-Value-Creator-Deliverables-Pack.md,SPLIT,ai-value-creator-deliverables-pack-part2,docs/strategy/53-ai-value-creator-deliverables-pack-maturity-governance-playbooks.md,1,"[SPLIT part 2/2 of ai-value-creator-deliverables-pack]: AI Value Creator Deliverables: Maturity, Governance & Playbooks (11-20)"
docs/ai-economics/AI-Value-Creator-Deliverables-Pack.md,SPLIT,ai-value-creator-deliverables-pack-part3,docs/strategy/parts/01-ai-value-creator-deliverables-pack-playbooks-scorecard.md,1,"[SPLIT part 3/3 of ai-value-creator-deliverables-pack, re-split from part2 which exceeded 2000-word ceiling]: Deliverables 16-20 (Governance Model, Economics Model, Value Scorecard, Strategy Playbook, EA & CAIO Playbooks)"
docs/ai-economics/AI_Cost_Implementation_Guide_2026.md,SPLIT,ai-cost-implementation-guide-2026-part2,docs/strategy/54-ai-cost-implementation-guide-2026-budget-finops-roi-measurement.md,1,"[SPLIT part 2/3 of ai-cost-implementation-guide-2026]: AI Cost Implementation: Budget Governance, FinOps & ROI"
docs/ai-economics/AI_Cost_Implementation_Guide_2026.md,SPLIT,ai-cost-implementation-guide-2026-part3,docs/strategy/55-ai-cost-implementation-guide-2026-anti-patterns-deployment-playbook.md,1,[SPLIT part 3/3 of ai-cost-implementation-guide-2026]: AI Cost Implementation: Anti-Pattern Fixes & Deployment Playbook
docs/ai-economics/Agentic-AI-Use-Case-Value-Lifecycle.md,SPLIT,agentic-ai-use-case-value-lifecycle-part2,docs/strategy/56-agentic-ai-use-case-value-lifecycle-financial-model-assumptions.md,1,[SPLIT part 2/2 of agentic-ai-use-case-value-lifecycle]: Use Case Value Lifecycle: Financial Model & Assumptions
docs/ai-economics/ai-coding-agents-2026.md,SPLIT,ai-coding-agents-2026-part2,docs/strategy/57-ai-coding-agents-2026-enterprise-autonomous-agent-tools.md,1,[SPLIT part 2/3 of ai-coding-agents-2026]: AI Coding Agents 2026: Enterprise & Autonomous Agent Tools
docs/ai-economics/ai-coding-agents-2026.md,SPLIT,ai-coding-agents-2026-part3,docs/strategy/58-ai-coding-agents-2026-tool-comparison-benchmarks-guide.md,1,[SPLIT part 3/3 of ai-coding-agents-2026]: AI Coding Agents 2026: Comparisons & Benchmarks
docs/ai-economics/ai-tokenomics-guide.md,SPLIT,ai-tokenomics-guide-part2,docs/strategy/59-ai-tokenomics-guide-prompting-model-selection-fine-tuning.md,1,"[SPLIT part 2/3 of ai-tokenomics-guide]: AI Tokenomics: Prompting, Model Selection & Fine-Tuning"
docs/ai-economics/ai-tokenomics-guide.md,SPLIT,ai-tokenomics-guide-part3,docs/strategy/60-ai-tokenomics-guide-batch-processing-tco-scale.md,1,"[SPLIT part 3/3 of ai-tokenomics-guide]: AI Tokenomics: Batch Processing, TCO & Scale Economics"
docs/ai-economics/ai-value-creators-synthesis.md,SPLIT,ai-value-creators-synthesis-part2,docs/strategy/61-ai-value-creators-synthesis-advanced-themes-recommendations.md,1,[SPLIT part 2/2 of ai-value-creators-synthesis]: AI Value Creators: Advanced Themes & Recommendations
docs/ai-economics/enterprise-ai-commercial-analysis-2026.md,SPLIT,enterprise-ai-commercial-analysis-2026-part2,docs/strategy/62-enterprise-ai-commercial-analysis-2026-finops-procurement-framework.md,1,[SPLIT part 2/2 of enterprise-ai-commercial-analysis-2026]: Enterprise AI Commercial Analysis: FinOps & Procurement
docs/enterprise-ai-report/part-01-evolution.md,SPLIT,part-01-evolution-part2,docs/strategy/63-part-01-evolution-evolution-stages-agentic-ai-native.md,1,[SPLIT part 2/2 of part-01-evolution]: Evolution: Agentic AI to AI-Native Organization
docs/enterprise-ai-report/part-02-operating-models.md,SPLIT,part-02-operating-models-part2,docs/strategy/64-part-02-operating-models-operating-models-platform-ai-native.md,1,[SPLIT part 2/3 of part-02-operating-models]: Enterprise AI Operating Models: Platform-First to AI-Native
docs/enterprise-ai-report/part-02-operating-models.md,SPLIT,part-02-operating-models-part3,docs/strategy/65-part-02-operating-models-operating-model-comparison-maturity.md,1,[SPLIT part 3/3 of part-02-operating-models]: Enterprise AI Operating Models: Comparison & Maturity
docs/enterprise-ai-report/part-08-organizational-roles.md,SPLIT,part-08-organizational-roles-part2,docs/strategy/66-part-08-organizational-roles-core-delivery-engineering-roles.md,1,[SPLIT part 2/4 of part-08-organizational-roles]: Core AI Delivery & Engineering Roles
docs/enterprise-ai-report/part-08-organizational-roles.md,SPLIT,part-08-organizational-roles-part3,docs/strategy/67-part-08-organizational-roles-governance-risk-roles-raci-matrix.md,1,"[SPLIT part 3/4 of part-08-organizational-roles]: Governance, Risk & Advisory Roles + Master RACI Matrix"
docs/enterprise-ai-report/part-08-organizational-roles.md,SPLIT,part-08-organizational-roles-part4,docs/strategy/68-part-08-organizational-roles-career-pathways-salary-benchmarks.md,1,"[SPLIT part 4/4 of part-08-organizational-roles]: Governance RACI, Career Pathways & Compensation"
docs/enterprise-ai-report/part-09-operating-processes.md,SPLIT,part-09-operating-processes-part2,docs/strategy/69-part-09-operating-processes-rollout-evaluation-redteam.md,1,"[SPLIT part 2/3 of part-09-operating-processes]: AI Operating Processes: Rollout, Evaluation & Red Teaming"
docs/enterprise-ai-report/part-09-operating-processes.md,SPLIT,part-09-operating-processes-part3,docs/strategy/70-part-09-operating-processes-incident-response-rollback.md,1,[SPLIT part 3/3 of part-09-operating-processes]: AI Operating Processes: Incident Response & Rollback
docs/enterprise-ai-report/part-10-service-catalog.md,SPLIT,part-10-service-catalog-part2,docs/strategy/71-part-10-service-catalog-agent-guardrail-observability.md,1,"[SPLIT part 2/3 of part-10-service-catalog]: AI Service Catalog: Agent, Guardrail & Observability Services"
docs/enterprise-ai-report/part-10-service-catalog.md,SPLIT,part-10-service-catalog-part3,docs/strategy/72-part-10-service-catalog-tiers-governance-developer-portal.md,1,"[SPLIT part 3/3 of part-10-service-catalog]: AI Service Catalog: Tiers, Governance & Developer Portal"
docs/enterprise-ai-report/part-21-agentic-process-blueprint.md,SPLIT,part-21-agentic-process-blueprint-part2,docs/strategy/73-part-21-agentic-process-blueprint-blueprints-by-function-teams.md,1,[SPLIT part 2/2 of part-21-agentic-process-blueprint]: Agentic Blueprints by Function & Agent-Infused Teams
docs/enterprise-architecture/strategy/EA_Strategy_Playbook.md,SPLIT,ea-strategy-playbook-part2,docs/strategy/74-ea-strategy-playbook-build-operate-retire-stages.md,1,[SPLIT part 2/2 of ea-strategy-playbook]: EA Strategy Playbook: Build to Retire
docs/enterprise-architecture/strategy/Enterprise_AI_Strategic_Brief_2026.md,SPLIT,enterprise-ai-strategic-brief-2026-part2,docs/strategy/75-enterprise-ai-strategic-brief-2026-aegis-security-adlc.md,1,[SPLIT part 2/3 of enterprise-ai-strategic-brief-2026]: Enterprise AI Strategic Brief: Security Governance & ADLC
docs/enterprise-architecture/strategy/Enterprise_AI_Strategic_Brief_2026.md,SPLIT,enterprise-ai-strategic-brief-2026-part3,docs/strategy/76-enterprise-ai-strategic-brief-2026-roadmap-strategic-imperatives.md,1,[SPLIT part 3/3 of enterprise-ai-strategic-brief-2026]: Enterprise AI Strategic Brief: Roadmap & Strategic Imperatives
docs/enterprise-architecture/strategy/Enterprise_AI_Transformation_Blueprint_CTO_Guide_2026.md,SPLIT,enterprise-ai-transformation-blueprint-cto-guide-2026-part2,docs/strategy/77-enterprise-ai-transformation-blueprint-cto-guide-2026-finops-security-threat-model.md,1,[SPLIT part 2/4 of enterprise-ai-transformation-blueprint-cto-guide-2026]: CTO Transformation Blueprint: FinOps & Security Threat Model
docs/enterprise-architecture/strategy/Enterprise_AI_Transformation_Blueprint_CTO_Guide_2026.md,SPLIT,enterprise-ai-transformation-blueprint-cto-guide-2026-part3,docs/strategy/78-enterprise-ai-transformation-blueprint-cto-guide-2026-failure-playbook-migration.md,1,[SPLIT part 3/4 of enterprise-ai-transformation-blueprint-cto-guide-2026]: CTO Transformation Blueprint: Failure Playbook & Migration Strategy
docs/enterprise-architecture/strategy/Enterprise_AI_Transformation_Blueprint_CTO_Guide_2026.md,SPLIT,enterprise-ai-transformation-blueprint-cto-guide-2026-part4,docs/strategy/79-enterprise-ai-transformation-blueprint-cto-guide-2026-end-to-end-worked-example.md,1,[SPLIT part 4/4 of enterprise-ai-transformation-blueprint-cto-guide-2026]: CTO Transformation Blueprint: End-to-End Worked Example
docs/enterprise-architecture/transformation/ai-first-to-ai-native.md,SPLIT,ai-first-to-ai-native-part2,docs/strategy/80-ai-first-to-ai-native-transformation-roadmap-benchmarks.md,1,[SPLIT part 2/3 of ai-first-to-ai-native]: AI-First to AI-Native: Roadmap & Sector Benchmarks
docs/enterprise-architecture/transformation/ai-first-to-ai-native.md,SPLIT,ai-first-to-ai-native-part3,docs/strategy/81-ai-first-to-ai-native-case-studies-readiness-checklist.md,1,[SPLIT part 3/3 of ai-first-to-ai-native]: AI-First to AI-Native: Case Studies & Readiness Checklist
docs/enterprise-strategy/vol1-corporate-strategy.md,SPLIT,vol1-corporate-strategy-part2,docs/strategy/82-vol1-corporate-strategy-themes-priorities-initiatives.md,1,"[SPLIT part 2/5 of vol1-corporate-strategy]: Corporate Strategy: Themes, Priorities & Initiatives"
docs/enterprise-strategy/vol1-corporate-strategy.md,SPLIT,vol1-corporate-strategy-part3,docs/strategy/83-vol1-corporate-strategy-strategy-taxonomy-24-types.md,1,[SPLIT part 3/5 of vol1-corporate-strategy]: Corporate Strategy: The 24-Type Strategy Taxonomy
docs/enterprise-strategy/vol1-corporate-strategy.md,SPLIT,vol1-corporate-strategy-part4,docs/strategy/84-vol1-corporate-strategy-execution-templates-kpis.md,1,"[SPLIT part 4/5 of vol1-corporate-strategy]: Corporate Strategy: Execution, Templates & KPIs"
docs/enterprise-strategy/vol1-corporate-strategy.md,SPLIT,vol1-corporate-strategy-part5,docs/strategy/85-vol1-corporate-strategy-relationships-industry-comparisons.md,1,[SPLIT part 5/5 of vol1-corporate-strategy]: Corporate Strategy: Relationships & Industry Comparisons
docs/enterprise-strategy/vol10-relationship-maps-glossary.md,SPLIT,vol10-relationship-maps-glossary-part2,docs/strategy/86-vol10-relationship-maps-glossary-ai-comparisons-terminology-xref.md,1,[SPLIT part 2/5 of vol10-relationship-maps-glossary]: Relationship Maps: AI/Ops Comparisons & Terminology Cross-Reference
docs/enterprise-strategy/vol10-relationship-maps-glossary.md,SPLIT,vol10-relationship-maps-glossary-part3,docs/strategy/87-vol10-relationship-maps-glossary-glossary-terms-a-g.md,1,[SPLIT part 3/5 of vol10-relationship-maps-glossary]: Enterprise Glossary: A-G
docs/enterprise-strategy/vol10-relationship-maps-glossary.md,SPLIT,vol10-relationship-maps-glossary-part4,docs/strategy/88-vol10-relationship-maps-glossary-glossary-terms-h-t.md,1,[SPLIT part 4/5 of vol10-relationship-maps-glossary]: Enterprise Glossary: H-T
docs/enterprise-strategy/vol10-relationship-maps-glossary.md,SPLIT,vol10-relationship-maps-glossary-part5,docs/strategy/89-vol10-relationship-maps-glossary-glossary-u-z-deliverables.md,1,[SPLIT part 5/5 of vol10-relationship-maps-glossary]: Enterprise Glossary: U-Z & Deliverables Cross-Reference
docs/enterprise-strategy/vol2-business-architecture-operating-model.md,SPLIT,vol2-business-architecture-operating-model-part2,docs/strategy/90-vol2-business-architecture-operating-model-value-streams-domains-model-design.md,1,"[SPLIT part 2/4 of vol2-business-architecture-operating-model]: Business Architecture: Value Streams, Domains & Model Design"
docs/enterprise-strategy/vol2-business-architecture-operating-model.md,SPLIT,vol2-business-architecture-operating-model-part3,docs/strategy/91-vol2-business-architecture-operating-model-organization-operating-model-design.md,1,[SPLIT part 3/4 of vol2-business-architecture-operating-model]: Business Architecture: Organization & Operating Model Design
docs/enterprise-strategy/vol2-business-architecture-operating-model.md,SPLIT,vol2-business-architecture-operating-model-part4,docs/strategy/92-vol2-business-architecture-operating-model-ai-operating-model-building-blocks.md,1,[SPLIT part 4/4 of vol2-business-architecture-operating-model]: Business Architecture: AI Operating Model & Building Blocks
docs/enterprise-strategy/vol3-portfolio-governance.md,SPLIT,vol3-portfolio-governance-part2,docs/strategy/93-vol3-portfolio-governance-pmo-agile-governance.md,1,"[SPLIT part 2/3 of vol3-portfolio-governance]: Portfolio Governance: PMO Models, Agile Portfolio & Enterprise Governance"
docs/enterprise-strategy/vol3-portfolio-governance.md,SPLIT,vol3-portfolio-governance-part3,docs/strategy/94-vol3-portfolio-governance-ai-governance-metrics.md,1,"[SPLIT part 3/3 of vol3-portfolio-governance]: Portfolio Governance: AI Governance, Reporting & Deliverables"
docs/enterprise-strategy/vol4-consulting-frameworks-industry.md,SPLIT,vol4-consulting-frameworks-industry-part2,docs/strategy/95-vol4-consulting-frameworks-industry-strategy-execution-frameworks.md,1,[SPLIT part 2/4 of vol4-consulting-frameworks-industry]: Consulting Frameworks: Strategy & Execution
docs/enterprise-strategy/vol4-consulting-frameworks-industry.md,SPLIT,vol4-consulting-frameworks-industry-part3,docs/strategy/96-vol4-consulting-frameworks-industry-architecture-industry-playbooks.md,1,[SPLIT part 3/4 of vol4-consulting-frameworks-industry]: Consulting Frameworks: Architecture & Industry Playbooks
docs/enterprise-strategy/vol4-consulting-frameworks-industry.md,SPLIT,vol4-consulting-frameworks-industry-part4,docs/strategy/97-vol4-consulting-frameworks-industry-framework-selection-glossary.md,1,[SPLIT part 4/4 of vol4-consulting-frameworks-industry]: Consulting Frameworks: Selection Guide & Glossary
docs/enterprise-strategy/vol5-ai-strategy-transformation-glossary.md,SPLIT,vol5-ai-strategy-transformation-glossary-part2,docs/strategy/98-vol5-ai-strategy-transformation-glossary-transformation-maturity-models.md,1,[SPLIT part 2/4 of vol5-ai-strategy-transformation-glossary]: AI Strategy & Transformation: Transformation & Maturity Models
docs/enterprise-strategy/vol5-ai-strategy-transformation-glossary.md,SPLIT,vol5-ai-strategy-transformation-glossary-part3,docs/strategy/99-vol5-ai-strategy-transformation-glossary-glossary-a-to-h.md,1,[SPLIT part 3/4 of vol5-ai-strategy-transformation-glossary]: AI Strategy & Transformation Glossary: A-H
docs/enterprise-strategy/vol5-ai-strategy-transformation-glossary.md,SPLIT,vol5-ai-strategy-transformation-glossary-part4,docs/strategy/vols/01-vol5-ai-strategy-transformation-glossary-glossary-i-to-z-crossref.md,1,[SPLIT part 4/4 of vol5-ai-strategy-transformation-glossary]: AI Strategy & Transformation Glossary: I-Z & Cross-Reference
docs/enterprise-strategy/vol6-organization-structure-operating-model.md,SPLIT,vol6-organization-structure-operating-model-part2,docs/strategy/vols/02-vol6-organization-structure-operating-model-agile-scale-operating-model.md,1,[SPLIT part 2/4 of vol6-organization-structure-operating-model]: Organization Structure: Agile at Scale & Operating Model Design
docs/enterprise-strategy/vol6-organization-structure-operating-model.md,SPLIT,vol6-organization-structure-operating-model-part3,docs/strategy/vols/03-vol6-organization-structure-operating-model-target-operating-model-ai-coe.md,1,[SPLIT part 3/4 of vol6-organization-structure-operating-model]: Organization Structure: Target Operating Model & AI COE
docs/enterprise-strategy/vol6-organization-structure-operating-model.md,SPLIT,vol6-organization-structure-operating-model-part4,docs/strategy/vols/04-vol6-organization-structure-operating-model-ai-maturity-deliverables.md,1,[SPLIT part 4/4 of vol6-organization-structure-operating-model]: Organization Structure: AI Maturity & Deliverables
docs/enterprise-strategy/vol7-enterprise-building-blocks.md,SPLIT,vol7-enterprise-building-blocks-part2,docs/strategy/vols/05-vol7-enterprise-building-blocks-application-core-ai-blocks.md,1,[SPLIT part 2/4 of vol7-enterprise-building-blocks]: Enterprise Building Blocks: Application & Core AI Blocks
docs/enterprise-strategy/vol7-enterprise-building-blocks.md,SPLIT,vol7-enterprise-building-blocks-part3,docs/strategy/vols/06-vol7-enterprise-building-blocks-ai-infrastructure-platform-engineering.md,1,[SPLIT part 3/4 of vol7-enterprise-building-blocks]: Enterprise Building Blocks: AI Data Infrastructure & Platform Engineering
docs/enterprise-strategy/vol7-enterprise-building-blocks.md,SPLIT,vol7-enterprise-building-blocks-part4,docs/strategy/vols/07-vol7-enterprise-building-blocks-agentic-ai-selection-guide.md,1,[SPLIT part 4/4 of vol7-enterprise-building-blocks]: Enterprise Building Blocks: Agentic AI & Selection Guide
docs/enterprise-strategy/vol8-portfolio-consulting-frameworks.md,SPLIT,vol8-portfolio-consulting-frameworks-part2,docs/strategy/vols/08-vol8-portfolio-consulting-frameworks-pmo-evolution-strategy-frameworks.md,1,[SPLIT part 2/4 of vol8-portfolio-consulting-frameworks]: Portfolio Consulting Frameworks: PMO Evolution & Strategy Frameworks
docs/enterprise-strategy/vol8-portfolio-consulting-frameworks.md,SPLIT,vol8-portfolio-consulting-frameworks-part3,docs/strategy/vols/09-vol8-portfolio-consulting-frameworks-architecture-operating-delivery.md,1,[SPLIT part 3/4 of vol8-portfolio-consulting-frameworks]: Portfolio Consulting Frameworks: Architecture & Operating/Delivery
docs/enterprise-strategy/vol8-portfolio-consulting-frameworks.md,SPLIT,vol8-portfolio-consulting-frameworks-part4,docs/strategy/vols/10-vol8-portfolio-consulting-frameworks-innovation-decision-selection-guide.md,1,"[SPLIT part 4/4 of vol8-portfolio-consulting-frameworks]: Portfolio Consulting Frameworks: Innovation, Decision & Selection Guide"
docs/enterprise-strategy/vol9-industry-deep-dives.md,SPLIT,vol9-industry-deep-dives-part2,docs/strategy/vols/11-vol9-industry-deep-dives-manufacturing-energy-telecom-gov.md,1,"[SPLIT part 2/3 of vol9-industry-deep-dives]: Industry Deep Dives: Manufacturing, Energy, Telecom, Government & Education"
docs/enterprise-strategy/vol9-industry-deep-dives.md,SPLIT,vol9-industry-deep-dives-part3,docs/strategy/vols/12-vol9-industry-deep-dives-life-sciences-logistics-media-tech.md,1,"[SPLIT part 3/3 of vol9-industry-deep-dives]: Industry Deep Dives: Life Sciences, Logistics, Media & High Tech"
docs/quantum/Quantum_AI_Consultancies_Report.md,SPLIT,quantum-ai-consulting-landscape-part2,docs/strategy/quantum/01-quantum-ai-consulting-landscape-bcg-x-deloitte-ibm.md,1,"[SPLIT part 2/4 of quantum-ai-consulting-landscape]: Quantum AI Consulting: BCG X, Deloitte & IBM Consulting"
docs/quantum/Quantum_AI_Consultancies_Report.md,SPLIT,quantum-ai-consulting-landscape-part3,docs/strategy/quantum/02-quantum-ai-consulting-landscape-capgemini-big-four-audit.md,1,[SPLIT part 3/4 of quantum-ai-consulting-landscape]: Quantum AI Consulting: Capgemini & the Big Four Audit Firms
docs/quantum/Quantum_AI_Consultancies_Report.md,SPLIT,quantum-ai-consulting-landscape-part4,docs/strategy/quantum/03-quantum-ai-consulting-landscape-cross-consultancy-antipatterns.md,1,[SPLIT part 4/4 of quantum-ai-consulting-landscape]: Quantum AI Consulting: Cross-Consultancy Patterns & Anti-Patterns
docs/quantum/Quantum_AI_Startups_Report.md,SPLIT,quantum-ai-startup-landscape-part2,docs/strategy/quantum/04-quantum-ai-startup-landscape-quantinuum-multiverse-quera-rigetti.md,1,"[SPLIT part 2/5 of quantum-ai-startup-landscape]: Quantum AI Startups: Quantinuum, Multiverse, QuEra & Rigetti"
docs/quantum/Quantum_AI_Startups_Report.md,SPLIT,quantum-ai-startup-landscape-part3,docs/strategy/quantum/05-quantum-ai-startup-landscape-psiquantum-xanadu-photonics.md,1,[SPLIT part 3/5 of quantum-ai-startup-landscape]: Quantum AI Startups: PsiQuantum & Xanadu
docs/quantum/Quantum_AI_Startups_Report.md,SPLIT,quantum-ai-startup-landscape-part4,docs/strategy/quantum/06-quantum-ai-startup-landscape-iqm-emerging-players.md,1,[SPLIT part 4/5 of quantum-ai-startup-landscape]: Quantum AI Startups: IQM & Emerging Players
docs/quantum/Quantum_AI_Startups_Report.md,SPLIT,quantum-ai-startup-landscape-part5,docs/strategy/quantum/07-quantum-ai-startup-landscape-cross-startup-antipatterns.md,1,[SPLIT part 5/5 of quantum-ai-startup-landscape]: Quantum AI Startups: Cross-Startup Patterns & Anti-Patterns
docs/ai-development/aidlc/AIDLC_Artifact_Reference_Library_Part1_Discovery_to_Model_Design.md,SPLIT,aidlc-artifacts-discovery-to-model-part2,docs/architecture/parts/01-aidlc-artifacts-discovery-to-model-feasibility-risk-data-strategy.md,2,"[SPLIT part 2/3 of aidlc-artifacts-discovery-to-model]: Feasibility, Risk & Data Strategy"
docs/ai-development/aidlc/AIDLC_Artifact_Reference_Library_Part1_Discovery_to_Model_Design.md,SPLIT,aidlc-artifacts-discovery-to-model-part3,docs/architecture/parts/02-aidlc-artifacts-discovery-to-model-model-design-architecture.md,2,[SPLIT part 3/3 of aidlc-artifacts-discovery-to-model]: Model Design & Architecture
docs/ai-development/aidlc/AIDLC_Artifact_Reference_Library_Part2_Development_to_Retirement.md,SPLIT,aidlc-artifacts-development-to-retirement-part2,docs/architecture/parts/03-aidlc-artifacts-development-to-retirement-deployment-mlops-retirement.md,2,"[SPLIT part 2/3 of aidlc-artifacts-development-to-retirement]: Deployment, MLOps & Retirement"
docs/ai-development/aidlc/AIDLC_Artifact_Reference_Library_Part2_Development_to_Retirement.md,SPLIT,aidlc-artifacts-development-to-retirement-part3,docs/architecture/parts/04-aidlc-artifacts-development-to-retirement-ea-artifacts.md,2,[SPLIT part 3/3 of aidlc-artifacts-development-to-retirement]: Enterprise Architecture Artifacts
docs/ai-development/aidlc/AIDLC_Artifact_Reference_Library_Part3_TOGAF_Foundation_to_Technology.md,SPLIT,aidlc-artifacts-togaf-foundation-to-technology-part2,docs/architecture/parts/05-aidlc-artifacts-togaf-vision-business-architecture.md,2,[SPLIT part 2/4 of aidlc-artifacts-togaf-foundation-to-technology]: TOGAF Vision & Business Architecture
docs/ai-development/aidlc/AIDLC_Artifact_Reference_Library_Part3_TOGAF_Foundation_to_Technology.md,SPLIT,aidlc-artifacts-togaf-foundation-to-technology-part3,docs/architecture/parts/06-aidlc-artifacts-togaf-data-application-architecture.md,2,[SPLIT part 3/4 of aidlc-artifacts-togaf-foundation-to-technology]: TOGAF Data & Application Architecture
docs/ai-development/aidlc/AIDLC_Artifact_Reference_Library_Part3_TOGAF_Foundation_to_Technology.md,SPLIT,aidlc-artifacts-togaf-foundation-to-technology-part4,docs/architecture/parts/07-aidlc-artifacts-togaf-technology-architecture.md,2,[SPLIT part 4/4 of aidlc-artifacts-togaf-foundation-to-technology]: TOGAF Technology Architecture
docs/ai-development/aidlc/AIDLC_Artifact_Reference_Library_Part4_TOGAF_Migration_to_EA_CrossCutting.md,SPLIT,aidlc-artifacts-togaf-migration-to-ea-part2,docs/architecture/parts/08-aidlc-artifacts-togaf-change-management-cross-cutting.md,2,[SPLIT part 2/3 of aidlc-artifacts-togaf-migration-to-ea]: TOGAF Change Management & Cross-Cutting
docs/ai-development/aidlc/AIDLC_Artifact_Reference_Library_Part4_TOGAF_Migration_to_EA_CrossCutting.md,SPLIT,aidlc-artifacts-togaf-migration-to-ea-part3,docs/architecture/parts/09-aidlc-artifacts-togaf-artifact-cross-reference.md,2,[SPLIT part 3/3 of aidlc-artifacts-togaf-migration-to-ea]: Artifact Cross-Reference
docs/ai-development/aidlc/AIDLC_Agile_CICD_AI_Transformation_2026.md,SPLIT,aidlc-agile-cicd-ai-transformation-2026-part2,docs/architecture/parts/10-aidlc-agile-cicd-agile-evolution-cicd-transformation.md,2,[SPLIT part 2/3 of aidlc-agile-cicd-ai-transformation-2026]: Agile Evolution & CI/CD Transformation
docs/ai-development/aidlc/AIDLC_Agile_CICD_AI_Transformation_2026.md,SPLIT,aidlc-agile-cicd-ai-transformation-2026-part3,docs/architecture/parts/11-aidlc-agile-cicd-roles-disciplines-roadmap-principles.md,2,"[SPLIT part 3/3 of aidlc-agile-cicd-ai-transformation-2026]: Roles, Disciplines, Roadmap & Principles"
docs/enterprise-architecture/ai-architecture/enterprise-multi-model-ai-strategy.md,SPLIT,enterprise-multi-model-ai-strategy-part2,docs/architecture/parts/18-enterprise-multi-model-ai-strategy-part2.md,2,[SPLIT part 2/3 of enterprise-multi-model-ai-strategy]
docs/enterprise-architecture/ai-architecture/enterprise-multi-model-ai-strategy.md,SPLIT,enterprise-multi-model-ai-strategy-part3,docs/architecture/parts/19-enterprise-multi-model-ai-strategy-part3.md,2,[SPLIT part 3/3 of enterprise-multi-model-ai-strategy]
docs/enterprise-architecture/ai-architecture/enterprise-aiops-guide.md,SPLIT,enterprise-aiops-guide-part2,docs/architecture/parts/20-enterprise-aiops-guide-part2.md,2,[SPLIT part 2/2 of enterprise-aiops-guide]
docs/enterprise-architecture/ai-architecture/enterprise-ai-skills-assessment.md,SPLIT,enterprise-ai-skills-assessment-part2,docs/architecture/parts/21-enterprise-ai-skills-assessment-part2.md,2,[SPLIT part 2/2 of enterprise-ai-skills-assessment]
docs/enterprise-architecture/ai-architecture/enterprise-ai-governance-compliance.md,SPLIT,enterprise-ai-governance-compliance-part2,docs/architecture/parts/22-enterprise-ai-governance-compliance-part2.md,2,[SPLIT part 2/2 of enterprise-ai-governance-compliance]
docs/enterprise-architecture/ai-architecture/enterprise-ai-architect-foundations.md,SPLIT,enterprise-ai-architect-foundations-part2,docs/architecture/parts/23-enterprise-ai-architect-foundations-part2.md,2,[SPLIT part 2/2 of enterprise-ai-architect-foundations]
